"Name","Type","Id","Native"
"Office 365 Outlook","connector","/providers/Microsoft.PowerApps/apis/shared_office365","True"
"Office 365 Users","connector","/providers/Microsoft.PowerApps/apis/shared_office365users","True"
"SharePoint","connector","/providers/Microsoft.PowerApps/apis/shared_sharepointonline","True"
"OneDrive for Business","connector","/providers/Microsoft.PowerApps/apis/shared_onedriveforbusiness","True"
"Dynamics 365 (deprecated)","connector","/providers/Microsoft.PowerApps/apis/shared_dynamicscrmonline","True"
"Salesforce","connector","/providers/Microsoft.PowerApps/apis/shared_salesforce","False"
"OneDrive","connector","/providers/Microsoft.PowerApps/apis/shared_onedrive","True"
"SQL Server","connector","/providers/Microsoft.PowerApps/apis/shared_sql","False"
"Dropbox","connector","/providers/Microsoft.PowerApps/apis/shared_dropbox","False"
"10to8 Appointment Scheduling","connector","/providers/Microsoft.PowerApps/apis/shared_10to8","False"
"1pt (Independent Publisher)","connector","/providers/Microsoft.PowerApps/apis/shared_1ptip","False"
"24 pull request (Independent Publisher)","connector","/providers/Microsoft.PowerApps/apis/shared_24pullrequestip","False"
"365 Training","connector","/providers/Microsoft.PowerApps/apis/shared_365training","True"
"Azure AD Identity and Access","connector","/providers/Microsoft.PowerApps/apis/shared_aadinvitationmanager","True"
"Abortion Policy (Independent Publisher)","connector","/providers/Microsoft.PowerApps/apis/shared_abortionpolicyapiip","False"
"absentify","connector","/providers/Microsoft.PowerApps/apis/shared_absentify","False"
"AccuWeather (Independent Publisher)","connector","/providers/Microsoft.PowerApps/apis/shared_accuweatherip","False"
"Azure Container Instance","connector","/providers/Microsoft.PowerApps/apis/shared_aci","True"
"Azure Communication Services Chat","connector","/providers/Microsoft.PowerApps/apis/shared_acschat","True"
"Azure Communication Services Email","connector","/providers/Microsoft.PowerApps/apis/shared_acsemail","True"
"Azure Communication Services Identity","connector","/providers/Microsoft.PowerApps/apis/shared_acsidentity","True"
"Azure Communication Services SMS Events","connector","/providers/Microsoft.PowerApps/apis/shared_acssmsevents","True"
"Act!","connector","/providers/Microsoft.PowerApps/apis/shared_act","False"
"TeamWherx","connector","/providers/Microsoft.PowerApps/apis/shared_actsoft","False"
"Acumatica","connector","/providers/Microsoft.PowerApps/apis/shared_acumatica","False"
"Adobe Creative Cloud","connector","/providers/Microsoft.PowerApps/apis/shared_adobecreativecloud","False"
"Adobe Experience Manager","connector","/providers/Microsoft.PowerApps/apis/shared_adobeexperiencemanag","False"
"Adobe PDF Services","connector","/providers/Microsoft.PowerApps/apis/shared_adobepdftools","False"
"Adobe Acrobat Sign","connector","/providers/Microsoft.PowerApps/apis/shared_adobesign","False"
"Advanced Data Operations","connector","/providers/Microsoft.PowerApps/apis/shared_advanceddataoperatio","False"
"Advanced Scraper (Independent Publisher)","connector","/providers/Microsoft.PowerApps/apis/shared_advancedscraperip","False"
"Affirmations (Independent Publisher)","connector","/providers/Microsoft.PowerApps/apis/shared_affirmationsip","False"
"Africa's Talking Airtime","connector","/providers/Microsoft.PowerApps/apis/shared_africastalkingairtime","False"
"Africa's Talking SMS","connector","/providers/Microsoft.PowerApps/apis/shared_africastalkingsms","False"
"Africa's Talking Voice","connector","/providers/Microsoft.PowerApps/apis/shared_africastalkingvoice","False"
"AfterShip (Independent Publisher)","connector","/providers/Microsoft.PowerApps/apis/shared_aftershipip","False"
"AgilePoint NX","connector","/providers/Microsoft.PowerApps/apis/shared_agilepointnx","False"
"Agilite","connector","/providers/Microsoft.PowerApps/apis/shared_agilite","False"
"Ahead","connector","/providers/Microsoft.PowerApps/apis/shared_ahead","False"
"Ahead (Intranet)","connector","/providers/Microsoft.PowerApps/apis/shared_aheadintranet","False"
"AIForged","connector","/providers/Microsoft.PowerApps/apis/shared_aiforged","False"
"AikiDocs","connector","/providers/Microsoft.PowerApps/apis/shared_aikidocs","False"
"Airlabs (Independent Publisher)","connector","/providers/Microsoft.PowerApps/apis/shared_airlabsip","False"
"Airly (Independent Publisher)","connector","/providers/Microsoft.PowerApps/apis/shared_airlyip","False"
"Airmeet","connector","/providers/Microsoft.PowerApps/apis/shared_airmeet","False"
"airSlate","connector","/providers/Microsoft.PowerApps/apis/shared_airslate","False"
"Airtable (Independent Publisher)","connector","/providers/Microsoft.PowerApps/apis/shared_airtable","False"
"Alemba ITSM","connector","/providers/Microsoft.PowerApps/apis/shared_alembaitsm","False"
"Aletheia","connector","/providers/Microsoft.PowerApps/apis/shared_aletheia","False"
"Ally","connector","/providers/Microsoft.PowerApps/apis/shared_aliru","False"
"Alkymi","connector","/providers/Microsoft.PowerApps/apis/shared_alkymi","False"
"allGeo","connector","/providers/Microsoft.PowerApps/apis/shared_allgeo","False"
"Almabase","connector","/providers/Microsoft.PowerApps/apis/shared_almabase","False"
"Amazon Redshift","connector","/providers/Microsoft.PowerApps/apis/shared_amazonredshift","False"
"Amazon S3","connector","/providers/Microsoft.PowerApps/apis/shared_amazons3","False"
"Amazon SQS","connector","/providers/Microsoft.PowerApps/apis/shared_amazonsqs","False"
"Ambee (Independent Publisher)","connector","/providers/Microsoft.PowerApps/apis/shared_ambeeip","False"
"AMEE Open Business (Independent Publisher)","connector","/providers/Microsoft.PowerApps/apis/shared_ameeopenbusinessip","False"
"Annature","connector","/providers/Microsoft.PowerApps/apis/shared_annatureip","False"
"APITemplate (Independent Publisher)","connector","/providers/Microsoft.PowerApps/apis/shared_apitemplateip","False"
"Appfigures","connector","/providers/Microsoft.PowerApps/apis/shared_appfigures","False"
"Azure Application Insights","connector","/providers/Microsoft.PowerApps/apis/shared_applicationinsights","True"
"App Power Forms","connector","/providers/Microsoft.PowerApps/apis/shared_apppowerforms","True"
"Approvals","connector","/providers/Microsoft.PowerApps/apis/shared_approvals","True"
"AppsForOps Timeline","connector","/providers/Microsoft.PowerApps/apis/shared_appsforops","False"
"Cloud Connect Studio","connector","/providers/Microsoft.PowerApps/apis/shared_appstudioapi","False"
"Apptigent PowerTools LITE","connector","/providers/Microsoft.PowerApps/apis/shared_apptigentpowertoolslite","False"
"Apptigent PowerTools","connector","/providers/Microsoft.PowerApps/apis/shared_apptigentpowertoolspro","False"
"Aquaforest PDF","connector","/providers/Microsoft.PowerApps/apis/shared_aquaforest","False"
"ArcGIS","connector","/providers/Microsoft.PowerApps/apis/shared_arcgis","False"
"ArcGIS PaaS","connector","/providers/Microsoft.PowerApps/apis/shared_arcgispaas","False"
"Azure Resource Manager","connector","/providers/Microsoft.PowerApps/apis/shared_arm","True"
"Asana","connector","/providers/Microsoft.PowerApps/apis/shared_asana","False"
"Asite","connector","/providers/Microsoft.PowerApps/apis/shared_asite","False"
"Asite (KSA)","connector","/providers/Microsoft.PowerApps/apis/shared_asiteksa","False"
"Asite (UAE)","connector","/providers/Microsoft.PowerApps/apis/shared_asiteuae","False"
"Asite (US Gov.)","connector","/providers/Microsoft.PowerApps/apis/shared_asiteusgov","False"
"Assently E-Sign","connector","/providers/Microsoft.PowerApps/apis/shared_assentlyesign","False"
"Dynamics 365 Sales Insights","connector","/providers/Microsoft.PowerApps/apis/shared_assistantstudio","True"
"Autodesk Forge Data Exchange","connector","/providers/Microsoft.PowerApps/apis/shared_autodeskforgedataexc","False"
"AvePoint Cloud Governance","connector","/providers/Microsoft.PowerApps/apis/shared_avepointcloudgovernance","False"
"Aviationstack (Independent Publisher)","connector","/providers/Microsoft.PowerApps/apis/shared_aviationstackip","False"
"AWeber","connector","/providers/Microsoft.PowerApps/apis/shared_aweber","False"
"AXtension Content Gate","connector","/providers/Microsoft.PowerApps/apis/shared_axtensioncontentgate","False"
"Azure AD","connector","/providers/Microsoft.PowerApps/apis/shared_azuread","True"
"Azure AD App Registrations","connector","/providers/Microsoft.PowerApps/apis/shared_azureadapplications","True"
"Azure AD Identity Protection","connector","/providers/Microsoft.PowerApps/apis/shared_azureadip","True"
"Azure App Service","connector","/providers/Microsoft.PowerApps/apis/shared_azureappservice","True"
"Azure Automation","connector","/providers/Microsoft.PowerApps/apis/shared_azureautomation","True"
"Azure Blob Storage","connector","/providers/Microsoft.PowerApps/apis/shared_azureblob","True"
"Azure Communication Services SMS","connector","/providers/Microsoft.PowerApps/apis/shared_azurecommunicationservicessms","True"
"Azure Data Factory","connector","/providers/Microsoft.PowerApps/apis/shared_azuredatafactory","True"
"Azure Data Lake","connector","/providers/Microsoft.PowerApps/apis/shared_azuredatalake","True"
"Azure Digital Twins","connector","/providers/Microsoft.PowerApps/apis/shared_azuredigitaltwins","True"
"Azure Event Grid","connector","/providers/Microsoft.PowerApps/apis/shared_azureeventgrid","True"
"Azure Event Grid Publish","connector","/providers/Microsoft.PowerApps/apis/shared_azureeventgridpublish","True"
"Azure File Storage","connector","/providers/Microsoft.PowerApps/apis/shared_azurefile","True"
"Azure IoT Central V3","connector","/providers/Microsoft.PowerApps/apis/shared_azureiotcentral","True"
"Azure Log Analytics","connector","/providers/Microsoft.PowerApps/apis/shared_azureloganalytics","True"
"Azure Log Analytics Data Collector","connector","/providers/Microsoft.PowerApps/apis/shared_azureloganalyticsdatacollector","True"
"Azure Monitor Logs","connector","/providers/Microsoft.PowerApps/apis/shared_azuremonitorlogs","True"
"Azure Database for MySQL","connector","/providers/Microsoft.PowerApps/apis/shared_azuremysql","True"
"Azure Queues","connector","/providers/Microsoft.PowerApps/apis/shared_azurequeues","True"
"Azure Table Storage","connector","/providers/Microsoft.PowerApps/apis/shared_azuretables","True"
"Azure VM","connector","/providers/Microsoft.PowerApps/apis/shared_azurevm","True"
"Badgr (Independent Publisher)","connector","/providers/Microsoft.PowerApps/apis/shared_badgrip","False"
"Basecamp 3","connector","/providers/Microsoft.PowerApps/apis/shared_basecamp","False"
"Basecamp 2","connector","/providers/Microsoft.PowerApps/apis/shared_basecamp2","False"
"Benchmark Email","connector","/providers/Microsoft.PowerApps/apis/shared_benchmarkemail","False"
"ProjectWise Design Integration","connector","/providers/Microsoft.PowerApps/apis/shared_bentley","False"
"BillsPLS","connector","/providers/Microsoft.PowerApps/apis/shared_billspls","False"
"Binance.us (Independent Publisher)","connector","/providers/Microsoft.PowerApps/apis/shared_binanceusip","False"
"BIN Checker (Independent Publisher)","connector","/providers/Microsoft.PowerApps/apis/shared_bincheckerip","False"
"Bing Maps","connector","/providers/Microsoft.PowerApps/apis/shared_bingmaps","False"
"Bing Search","connector","/providers/Microsoft.PowerApps/apis/shared_bingsearch","False"
"Bitbucket","connector","/providers/Microsoft.PowerApps/apis/shared_bitbucket","False"
"Bitly","connector","/providers/Microsoft.PowerApps/apis/shared_bitly","False"
"BitlyIP (Independent Publisher)","connector","/providers/Microsoft.PowerApps/apis/shared_bitlyip","False"
"Bitvore Cellenus","connector","/providers/Microsoft.PowerApps/apis/shared_bitvorecellenus","False"
"BizTalkServer","connector","/providers/Microsoft.PowerApps/apis/shared_biztalk","False"
"AtBot Logic","connector","/providers/Microsoft.PowerApps/apis/shared_bizzy","False"
"AtBot Admin","connector","/providers/Microsoft.PowerApps/apis/shared_bizzyadmin","False"
"Blackbaud Church Management","connector","/providers/Microsoft.PowerApps/apis/shared_blackbaudchurchmanag","False"
"Blackbaud Raisers Edge NXT Constituents","connector","/providers/Microsoft.PowerApps/apis/shared_blackbaudconstituent","False"
"Blackbaud Raisers Edge NXT Documents","connector","/providers/Microsoft.PowerApps/apis/shared_blackbauddocuments","False"
"Blackbaud Raisers Edge NXT Events","connector","/providers/Microsoft.PowerApps/apis/shared_blackbaudevents","False"
"Blackbaud Raisers Edge NXT Fundraising","connector","/providers/Microsoft.PowerApps/apis/shared_blackbaudfundraising","False"
"Blackbaud Raisers Edge NXT Gifts","connector","/providers/Microsoft.PowerApps/apis/shared_blackbaudgifts","False"
"Blackbaud Raisers Edge NXT Interactions","connector","/providers/Microsoft.PowerApps/apis/shared_blackbaudinteraction","False"
"Blackbaud Raisers Edge NXT Lists","connector","/providers/Microsoft.PowerApps/apis/shared_blackbaudlists","False"
"Blackbaud Raisers Edge NXT Prospects","connector","/providers/Microsoft.PowerApps/apis/shared_blackbaudprospects","False"
"Blackbaud Raisers Edge NXT","connector","/providers/Microsoft.PowerApps/apis/shared_blackbaudraisersedge","False"
"Blackbaud SKY Add-ins","connector","/providers/Microsoft.PowerApps/apis/shared_blackbaudskyaddins","False"
"Corda Blockchain","connector","/providers/Microsoft.PowerApps/apis/shared_blockchaincorda","False"
"Ethereum Blockchain","connector","/providers/Microsoft.PowerApps/apis/shared_blockchainethereum","False"
"Blogger","connector","/providers/Microsoft.PowerApps/apis/shared_blogger","False"
"boomapp connect","connector","/providers/Microsoft.PowerApps/apis/shared_boomappconnect","False"
"Box","connector","/providers/Microsoft.PowerApps/apis/shared_box","False"
"bttn","connector","/providers/Microsoft.PowerApps/apis/shared_bttn","False"
"Bttn ONE","connector","/providers/Microsoft.PowerApps/apis/shared_bttnone","False"
"Buffer","connector","/providers/Microsoft.PowerApps/apis/shared_buffer","False"
"BuildingMinds DigitalTwin Core","connector","/providers/Microsoft.PowerApps/apis/shared_buildingminds","False"
"BulkSMS","connector","/providers/Microsoft.PowerApps/apis/shared_bulksms","False"
"Business Assist","connector","/providers/Microsoft.PowerApps/apis/shared_businessassist","False"
"Buy Me A Coffee (Independent Publisher)","connector","/providers/Microsoft.PowerApps/apis/shared_buymeacoffeeip","False"
"Calendar Pro","connector","/providers/Microsoft.PowerApps/apis/shared_calendarpro","False"
"Calendly","connector","/providers/Microsoft.PowerApps/apis/shared_calendly","False"
"Campfire","connector","/providers/Microsoft.PowerApps/apis/shared_campfire","False"
"CandidateZip Resume/Job Parser","connector","/providers/Microsoft.PowerApps/apis/shared_candidatezip","False"
"Capsule CRM","connector","/providers/Microsoft.PowerApps/apis/shared_capsulecrm","False"
"Captisa Forms","connector","/providers/Microsoft.PowerApps/apis/shared_captisaforms","False"
"CarbonFootprint (Independent Publisher)","connector","/providers/Microsoft.PowerApps/apis/shared_carbonfootprintip","False"
"Carbon Intensity (Independent Publisher)","connector","/providers/Microsoft.PowerApps/apis/shared_carbonintensityip","False"
"CardPlatform Adaptive Cards","connector","/providers/Microsoft.PowerApps/apis/shared_cardplatform","False"
"Cards for Power Apps","connector","/providers/Microsoft.PowerApps/apis/shared_cardsforpowerapps","True"
"CarsXE (Independent Publisher)","connector","/providers/Microsoft.PowerApps/apis/shared_carsxeip","False"
"Cascade","connector","/providers/Microsoft.PowerApps/apis/shared_cascade","False"
"Cascade Strategy New","connector","/providers/Microsoft.PowerApps/apis/shared_cascadestrategynew","False"
"Casper365 for Education","connector","/providers/Microsoft.PowerApps/apis/shared_casper365","False"
"CDC Content Services (Independent Publisher)","connector","/providers/Microsoft.PowerApps/apis/shared_cdccontentservicesip","False"
"CDK Drive Customer","connector","/providers/Microsoft.PowerApps/apis/shared_cdkdrivecustomer","False"
"CDK Drive Service Vehicles","connector","/providers/Microsoft.PowerApps/apis/shared_cdkdriveservicevehicles","False"
"Elead Product Reference Data","connector","/providers/Microsoft.PowerApps/apis/shared_cdkeleadproductreferencedata","False"
"Elead Sales Customers","connector","/providers/Microsoft.PowerApps/apis/shared_cdkeleadsalescustomers","False"
"Elead Sales Opportunities","connector","/providers/Microsoft.PowerApps/apis/shared_cdkeleadsalesopportunities","False"
"Centrical","connector","/providers/Microsoft.PowerApps/apis/shared_centrical","False"
"CGTrader","connector","/providers/Microsoft.PowerApps/apis/shared_cgtrader","False"
"Chatter","connector","/providers/Microsoft.PowerApps/apis/shared_chatter","False"
"Checkly (Independent Publisher)","connector","/providers/Microsoft.PowerApps/apis/shared_checklyip","False"
"Chuck Norris IO (Independent Publisher)","connector","/providers/Microsoft.PowerApps/apis/shared_chucknorrisioip","False"
"cioplenu","connector","/providers/Microsoft.PowerApps/apis/shared_cioplenu","False"
"Cireson Service Manager Portal","connector","/providers/Microsoft.PowerApps/apis/shared_ciresonservicemanage","False"
"Cisco Webex Meetings","connector","/providers/Microsoft.PowerApps/apis/shared_ciscowebexmeetings","False"
"Citymapper (Independent Publisher)","connector","/providers/Microsoft.PowerApps/apis/shared_citymapperip","False"
"CivicPlus Transform","connector","/providers/Microsoft.PowerApps/apis/shared_civicplustransform","False"
"Clearbit (Independent Publisher)","connector","/providers/Microsoft.PowerApps/apis/shared_clearbitip","False"
"ClickSend Postcards","connector","/providers/Microsoft.PowerApps/apis/shared_clicksendpostcards","False"
"ClickSend SMS","connector","/providers/Microsoft.PowerApps/apis/shared_clicksendsms","False"
"ClickUp Team Manager (Independent Publisher)","connector","/providers/Microsoft.PowerApps/apis/shared_clickupteammanagerip","False"
"Climatiq (Independent Publisher)","connector","/providers/Microsoft.PowerApps/apis/shared_climatiqip","False"
"Clockify (Independent Publisher)","connector","/providers/Microsoft.PowerApps/apis/shared_clockifyip","False"
"Defender for Cloud Apps","connector","/providers/Microsoft.PowerApps/apis/shared_cloudappsecurity","True"
"Cloud BOT","connector","/providers/Microsoft.PowerApps/apis/shared_cloudbot","False"
"CloudConvert","connector","/providers/Microsoft.PowerApps/apis/shared_cloudconvert","False"
"Cloudmersive Virus Scan","connector","/providers/Microsoft.PowerApps/apis/shared_cloudmersive","False"
"Cloudmersive Barcode","connector","/providers/Microsoft.PowerApps/apis/shared_cloudmersivebarcode","False"
"Cloudmersive Document Conversion","connector","/providers/Microsoft.PowerApps/apis/shared_cloudmersiveconvert","False"
"Cloudmersive Currency","connector","/providers/Microsoft.PowerApps/apis/shared_cloudmersivecurrency","False"
"Cloudmersive Data Validation","connector","/providers/Microsoft.PowerApps/apis/shared_cloudmersivedv","False"
"Cloudmersive File Processing","connector","/providers/Microsoft.PowerApps/apis/shared_cloudmersivefileproc","False"
"Cloudmersive Image Processing","connector","/providers/Microsoft.PowerApps/apis/shared_cloudmersiveimagepr","False"
"Cloudmersive NLP","connector","/providers/Microsoft.PowerApps/apis/shared_cloudmersivenlp","False"
"Cloudmersive PDF","connector","/providers/Microsoft.PowerApps/apis/shared_cloudmersivepdf","False"
"Cloudmersive Security","connector","/providers/Microsoft.PowerApps/apis/shared_cloudmersivesecurity","False"
"Cloudmersive Video and Media","connector","/providers/Microsoft.PowerApps/apis/shared_cloudmersivevideoandmedia","False"
"Cloud PKI Management","connector","/providers/Microsoft.PowerApps/apis/shared_cloudpkimanagement","False"
"Cloverly (Independent Publisher)","connector","/providers/Microsoft.PowerApps/apis/shared_cloverlyip","False"
"CO2 Signal (Independent Publisher)","connector","/providers/Microsoft.PowerApps/apis/shared_co2signalip","False"
"CobbleStone Contract Insight","connector","/providers/Microsoft.PowerApps/apis/shared_cobblestonecontracti","False"
"Computer Vision API","connector","/providers/Microsoft.PowerApps/apis/shared_cognitiveservicescomputervision","False"
"Content Moderator","connector","/providers/Microsoft.PowerApps/apis/shared_cognitiveservicescontentmoderator","False"
"Custom Vision","connector","/providers/Microsoft.PowerApps/apis/shared_cognitiveservicescustomvision","False"
"QnA Maker","connector","/providers/Microsoft.PowerApps/apis/shared_cognitiveservicesqnamaker","False"
"CognitiveServicesSpeechToText","connector","/providers/Microsoft.PowerApps/apis/shared_cognitiveservicesspe","True"
"Azure Cognitive Service for Language","connector","/providers/Microsoft.PowerApps/apis/shared_cognitiveservicestextanalytics","True"
"Cognito Forms","connector","/providers/Microsoft.PowerApps/apis/shared_cognitoforms","False"
"Cognizant Automation Center","connector","/providers/Microsoft.PowerApps/apis/shared_cognizantautomationc","False"
"Coinbase (Independent Publisher)","connector","/providers/Microsoft.PowerApps/apis/shared_coinbaseip","False"
"Dynamics 365 Commerce Merchandising","connector","/providers/Microsoft.PowerApps/apis/shared_commercemerchandising","True"
"Commercient","connector","/providers/Microsoft.PowerApps/apis/shared_commercientcpq","False"
"Microsoft Dataverse (legacy)","connector","/providers/Microsoft.PowerApps/apis/shared_commondataservice","True"
"Microsoft Dataverse","connector","/providers/Microsoft.PowerApps/apis/shared_commondataserviceforapps","True"
"Companies House (Independent Publisher)","connector","/providers/Microsoft.PowerApps/apis/shared_companieshouseip","False"
"Company Connect","connector","/providers/Microsoft.PowerApps/apis/shared_companyconnect","True"
"Connect2All","connector","/providers/Microsoft.PowerApps/apis/shared_connect2all","False"
"Connect2All on-premises","connector","/providers/Microsoft.PowerApps/apis/shared_connect2allonpremises","False"
"Connective eSignatures","connector","/providers/Microsoft.PowerApps/apis/shared_connectiveesignatures","False"
"connpass (Independent Publisher)","connector","/providers/Microsoft.PowerApps/apis/shared_connpassip","False"
"ConsenSys Ethereum","connector","/providers/Microsoft.PowerApps/apis/shared_consensysethereum","False"
"Contacts Pro","connector","/providers/Microsoft.PowerApps/apis/shared_contactspro","False"
"Converter by Power2Apps","connector","/providers/Microsoft.PowerApps/apis/shared_converterbypower2apps","False"
"ConvertKit (Independent Publisher)","connector","/providers/Microsoft.PowerApps/apis/shared_convertkitip","False"
"Corporate Buzzword Generator (Independent Publisher)","connector","/providers/Microsoft.PowerApps/apis/shared_corporatebuzzwordip","False"
"COSMO Bot","connector","/providers/Microsoft.PowerApps/apis/shared_cosmobot","False"
"Coupa (Independent Publisher)","connector","/providers/Microsoft.PowerApps/apis/shared_coupaip","False"
"COVID-19 JHU CSSE (Independent Publisher)","connector","/providers/Microsoft.PowerApps/apis/shared_covid19jhucsseip","False"
"CPQSync","connector","/providers/Microsoft.PowerApps/apis/shared_cpqsync","False"
"CPSC Recalls Retrieval (Independent Publisher)","connector","/providers/Microsoft.PowerApps/apis/shared_cpscrecallsretrievalip","False"
"CQC Data (Independent Publisher)","connector","/providers/Microsoft.PowerApps/apis/shared_cqcdata","False"
"CraftMyPDF (Independent Publisher)","connector","/providers/Microsoft.PowerApps/apis/shared_craftmypdfip","False"
"CRM Bot","connector","/providers/Microsoft.PowerApps/apis/shared_crmbot","False"
"Dynamics 365 Customer Insights","connector","/providers/Microsoft.PowerApps/apis/shared_customerinsights","True"
"Cyberday","connector","/providers/Microsoft.PowerApps/apis/shared_cyberday","False"
"CyberProof","connector","/providers/Microsoft.PowerApps/apis/shared_cyberproof","False"
"D7SMS","connector","/providers/Microsoft.PowerApps/apis/shared_d7sms","False"
"DadJokesIO (Independent Publisher)","connector","/providers/Microsoft.PowerApps/apis/shared_dadjokesioip","False"
"DailyMed (Independent Publisher)","connector","/providers/Microsoft.PowerApps/apis/shared_dailymedip","False"
"Test ARM - DO NOT USE","connector","/providers/Microsoft.PowerApps/apis/shared_dancharttest","False"
"Data8 Data Enrichment","connector","/providers/Microsoft.PowerApps/apis/shared_data8","False"
"Datablend","connector","/providers/Microsoft.PowerApps/apis/shared_datablend","False"
"Power Query Dataflows","connector","/providers/Microsoft.PowerApps/apis/shared_dataflows","False"
"Datamuse (Independent Publisher)","connector","/providers/Microsoft.PowerApps/apis/shared_datamuseip","False"
"DataScope Forms","connector","/providers/Microsoft.PowerApps/apis/shared_datascopeforms","False"
"DB2","connector","/providers/Microsoft.PowerApps/apis/shared_db2","False"
"DBF2XML","connector","/providers/Microsoft.PowerApps/apis/shared_dbftoxmlconverter","False"
"Decentraland (Independent Publisher)","connector","/providers/Microsoft.PowerApps/apis/shared_decentralandip","False"
"DeepL","connector","/providers/Microsoft.PowerApps/apis/shared_deepl","False"
"DeepLIP (Independent Publisher)","connector","/providers/Microsoft.PowerApps/apis/shared_deeplipip","False"
"De Lijn (Independent Publisher)","connector","/providers/Microsoft.PowerApps/apis/shared_delijnip","False"
"DeskDirector","connector","/providers/Microsoft.PowerApps/apis/shared_deskdirector","False"
"Dexcom (Independent Publisher)","connector","/providers/Microsoft.PowerApps/apis/shared_dexcomip","False"
"DHL Tracking (Independent Publisher)","connector","/providers/Microsoft.PowerApps/apis/shared_dhlshipmenttrackingip","False"
"DiceBear (Independent Publisher)","connector","/providers/Microsoft.PowerApps/apis/shared_dicebearip","False"
"Did You Mean This (Independent Publisher)","connector","/providers/Microsoft.PowerApps/apis/shared_didyoumeanthisip","False"
"DigitalHumani (Independent Publisher)","connector","/providers/Microsoft.PowerApps/apis/shared_digitalhumaniip","False"
"Dime.Scheduler","connector","/providers/Microsoft.PowerApps/apis/shared_dimescheduler","False"
"Discord (Independent Publisher)","connector","/providers/Microsoft.PowerApps/apis/shared_discordip","False"
"Disqus","connector","/providers/Microsoft.PowerApps/apis/shared_disqus","False"
"D&B Optimizer","connector","/providers/Microsoft.PowerApps/apis/shared_dnb","False"
"DocFusion365 ? SP","connector","/providers/Microsoft.PowerApps/apis/shared_docfusion365","False"
"DocJuris","connector","/providers/Microsoft.PowerApps/apis/shared_docjuris","False"
"Docparser","connector","/providers/Microsoft.PowerApps/apis/shared_docparser","False"
"}exghts gen. Document & more","connector","/providers/Microsoft.PowerApps/apis/shared_docq","False"
"Doc To PDF","connector","/providers/Microsoft.PowerApps/apis/shared_doctopdf","False"
"Document AI Konfuzio","connector","/providers/Microsoft.PowerApps/apis/shared_documentaikonfuzio","False"
"Azure Cosmos DB","connector","/providers/Microsoft.PowerApps/apis/shared_documentdb","True"
"Document Merge","connector","/providers/Microsoft.PowerApps/apis/shared_documentmerge","False"
"DocumentsCorePack","connector","/providers/Microsoft.PowerApps/apis/shared_documentscorepackapi","False"
"Docurain","connector","/providers/Microsoft.PowerApps/apis/shared_docurain","False"
"DocuSign","connector","/providers/Microsoft.PowerApps/apis/shared_docusign","False"
"DocuSign Demo","connector","/providers/Microsoft.PowerApps/apis/shared_docusigndemo","False"
"Dokobit Portal","connector","/providers/Microsoft.PowerApps/apis/shared_dokobitportal","False"
"DomainTools Iris Enrich","connector","/providers/Microsoft.PowerApps/apis/shared_domaintoolsirisenric","False"
"DomainTools Iris Investigate","connector","/providers/Microsoft.PowerApps/apis/shared_domaintoolsirisinves","False"
"Do Not Call Reported Calls (Independent Publisher)","connector","/providers/Microsoft.PowerApps/apis/shared_donotcallreportcallsip","False"
"dox42","connector","/providers/Microsoft.PowerApps/apis/shared_dox42","False"
"DPIRD Radar - West Australia (Independent Publisher)","connector","/providers/Microsoft.PowerApps/apis/shared_dpirdradarip","False"
"DPIRD Science - West Australia (Independent Publisher)","connector","/providers/Microsoft.PowerApps/apis/shared_dpirdscienceip","False"
"DPIRD Weather - West Australia (Independent Publisher)","connector","/providers/Microsoft.PowerApps/apis/shared_dpirdweatherip","False"
"DQ on Demand","connector","/providers/Microsoft.PowerApps/apis/shared_dqondemand","False"
"d.velop","connector","/providers/Microsoft.PowerApps/apis/shared_dvelop","False"
"Dynamics 365 Commerce - Ratings and Reviews","connector","/providers/Microsoft.PowerApps/apis/shared_dynamics365ratingsre","True"
"Fin & Ops Apps (Dynamics 365)","connector","/providers/Microsoft.PowerApps/apis/shared_dynamicsax","False"
"DynamicDocs (Independent Publisher)","connector","/providers/Microsoft.PowerApps/apis/shared_dynamicsdocsip","False"
"Dynamics 365 Fraud Protection","connector","/providers/Microsoft.PowerApps/apis/shared_dynamicsfraudprotect","True"
"Dynamic Signal","connector","/providers/Microsoft.PowerApps/apis/shared_dynamicsignal","False"
"Dynamics NAV","connector","/providers/Microsoft.PowerApps/apis/shared_dynamicsnavision","False"
"Dynamics 365 Business Central (on-premises)","connector","/providers/Microsoft.PowerApps/apis/shared_dynamicssmbonprem","True"
"Dynamics 365 Business Central","connector","/providers/Microsoft.PowerApps/apis/shared_dynamicssmbsaas","True"
"Dynatrace","connector","/providers/Microsoft.PowerApps/apis/shared_dynatrace","False"
"Easy Redmine","connector","/providers/Microsoft.PowerApps/apis/shared_easyredmine","False"
"Easyship (Independent Publisher)","connector","/providers/Microsoft.PowerApps/apis/shared_easyshipip","False"
"EasyVista Service Manager","connector","/providers/Microsoft.PowerApps/apis/shared_easyvista","False"
"Easyvista Self Help","connector","/providers/Microsoft.PowerApps/apis/shared_easyvistaselfhelp","False"
"eBay (Independent Publisher)","connector","/providers/Microsoft.PowerApps/apis/shared_ebayip","False"
"EBMS","connector","/providers/Microsoft.PowerApps/apis/shared_ebms","False"
"Ecologi (Independent Publisher)","connector","/providers/Microsoft.PowerApps/apis/shared_ecologiip","False"
"edatalia Sign Online (Independent Publisher)","connector","/providers/Microsoft.PowerApps/apis/shared_edataliasignonlineip","False"
"Eduframe","connector","/providers/Microsoft.PowerApps/apis/shared_eduframe","False"
"Egnyte","connector","/providers/Microsoft.PowerApps/apis/shared_egnyte","False"
"E-goi","connector","/providers/Microsoft.PowerApps/apis/shared_egoi","False"
"Eigen Events","connector","/providers/Microsoft.PowerApps/apis/shared_eigenevents","False"
"Elastic Forms","connector","/providers/Microsoft.PowerApps/apis/shared_elasticforms","False"
"ElasticOCR","connector","/providers/Microsoft.PowerApps/apis/shared_elasticocr","False"
"Electricity Maps (Independent Publisher)","connector","/providers/Microsoft.PowerApps/apis/shared_electricitymapsip","False"
"Elfsquad Product Configurator","connector","/providers/Microsoft.PowerApps/apis/shared_elfsquad","False"
"Elfsquad Data","connector","/providers/Microsoft.PowerApps/apis/shared_elfsquaddata","False"
"emfluence Marketing Platform","connector","/providers/Microsoft.PowerApps/apis/shared_emfluencemp","False"
"Emigo","connector","/providers/Microsoft.PowerApps/apis/shared_emigo","False"
"EmojiHub (Independent Publisher)","connector","/providers/Microsoft.PowerApps/apis/shared_emojihubip","False"
"Enadoc","connector","/providers/Microsoft.PowerApps/apis/shared_enadoc","False"
"Encodian","connector","/providers/Microsoft.PowerApps/apis/shared_encodiandocumentmanager","False"
"Engagement Cloud","connector","/providers/Microsoft.PowerApps/apis/shared_engagementcloud","False"
"Entegrations.io","connector","/providers/Microsoft.PowerApps/apis/shared_entegrations","False"
"Entersoft","connector","/providers/Microsoft.PowerApps/apis/shared_entersoft","False"
"Envoy","connector","/providers/Microsoft.PowerApps/apis/shared_envoy","False"
"EONET by NASA (Independent Publisher)","connector","/providers/Microsoft.PowerApps/apis/shared_eonetbynasaip","False"
"Ephesoft Semantik For Invoices","connector","/providers/Microsoft.PowerApps/apis/shared_ephesoftsemantikforinvoices","False"
"E-Sign","connector","/providers/Microsoft.PowerApps/apis/shared_esign","False"
"Etsy (Independent Publisher)","connector","/providers/Microsoft.PowerApps/apis/shared_etsy","False"
"Eventbrite","connector","/providers/Microsoft.PowerApps/apis/shared_eventbrite","False"
"Event Hubs","connector","/providers/Microsoft.PowerApps/apis/shared_eventhubs","False"
"Every (Independent Publisher)","connector","/providers/Microsoft.PowerApps/apis/shared_everyip","False"
"Evocom","connector","/providers/Microsoft.PowerApps/apis/shared_evocom","False"
"Exasol","connector","/providers/Microsoft.PowerApps/apis/shared_exasol","False"
"Excel","connector","/providers/Microsoft.PowerApps/apis/shared_excel","True"
"Excel Online (OneDrive)","connector","/providers/Microsoft.PowerApps/apis/shared_excelonline","True"
"Excel Online (Business)","connector","/providers/Microsoft.PowerApps/apis/shared_excelonlinebusiness","True"
"Exchange Rate (Independent Publisher)","connector","/providers/Microsoft.PowerApps/apis/shared_exchangerateip","False"
"Expensya","connector","/providers/Microsoft.PowerApps/apis/shared_expensya","False"
"Experlogix Smart Flows","connector","/providers/Microsoft.PowerApps/apis/shared_experlogixsmartflows","False"
"Expiration Reminder","connector","/providers/Microsoft.PowerApps/apis/shared_expirationreminder","False"
"EXPOCAD","connector","/providers/Microsoft.PowerApps/apis/shared_expocad","False"
"Face API","connector","/providers/Microsoft.PowerApps/apis/shared_faceapi","False"
"FactSet","connector","/providers/Microsoft.PowerApps/apis/shared_factset","False"
"Fantasy Premier League (Independent Publisher)","connector","/providers/Microsoft.PowerApps/apis/shared_fantasypremierleagueip","False"
"Farsight DNSDB","connector","/providers/Microsoft.PowerApps/apis/shared_farsightdnsdb","False"
"Federal Reserve Economic Data (Independent Publisher)","connector","/providers/Microsoft.PowerApps/apis/shared_federalreserveeconip","False"
"Festivo (Independent Publisher)","connector","/providers/Microsoft.PowerApps/apis/shared_festivoip","False"
"FHIRBase","connector","/providers/Microsoft.PowerApps/apis/shared_fhirbase","False"
"FHIRClinical","connector","/providers/Microsoft.PowerApps/apis/shared_fhirclinical","False"
"File.io (Independent Publisher)","connector","/providers/Microsoft.PowerApps/apis/shared_fileioip","False"
"File System","connector","/providers/Microsoft.PowerApps/apis/shared_filesystem","False"
"Finnish BIS (Independent Publisher)","connector","/providers/Microsoft.PowerApps/apis/shared_finnishbisip","False"
"Finnish Railway Traffic (Independent Publisher)","connector","/providers/Microsoft.PowerApps/apis/shared_finnishrailwaytrafip","False"
"FireText","connector","/providers/Microsoft.PowerApps/apis/shared_firetext","False"
"FishWatch (Independent Publisher)","connector","/providers/Microsoft.PowerApps/apis/shared_fishwatchip","False"
"Flic","connector","/providers/Microsoft.PowerApps/apis/shared_flic","False"
"Flotiq headless CMS","connector","/providers/Microsoft.PowerApps/apis/shared_flotiqheadlesscms","False"
"FlowForma","connector","/providers/Microsoft.PowerApps/apis/shared_flowforma","False"
"FlowForma V2","connector","/providers/Microsoft.PowerApps/apis/shared_flowformav2","False"
"Power Automate Management","connector","/providers/Microsoft.PowerApps/apis/shared_flowmanagement","True"
"Notifications","connector","/providers/Microsoft.PowerApps/apis/shared_flowpush","True"
"Fluid Kinnectorz for Procore","connector","/providers/Microsoft.PowerApps/apis/shared_fluidkinnectorzforpr","False"
"Focusmate (Independent Publisher)","connector","/providers/Microsoft.PowerApps/apis/shared_focusmateip","False"
"FORCAM FORCE Bridge","connector","/providers/Microsoft.PowerApps/apis/shared_forcamforcebridge","False"
"Form Recognizer","connector","/providers/Microsoft.PowerApps/apis/shared_formrecognizer","False"
"Formstack Forms","connector","/providers/Microsoft.PowerApps/apis/shared_formstackforms","False"
"FraudLabs Pro (Independent Publisher)","connector","/providers/Microsoft.PowerApps/apis/shared_fraudlabsproip","False"
"FreeAgent (Independent Publisher)","connector","/providers/Microsoft.PowerApps/apis/shared_freeagentip","False"
"FreshBooks","connector","/providers/Microsoft.PowerApps/apis/shared_freshbooks","False"
"Freshdesk","connector","/providers/Microsoft.PowerApps/apis/shared_freshdesk","False"
"Freshservice","connector","/providers/Microsoft.PowerApps/apis/shared_freshservice","False"
"FTP","connector","/providers/Microsoft.PowerApps/apis/shared_ftp","False"
"GeoDB (Independent Publisher)","connector","/providers/Microsoft.PowerApps/apis/shared_geodbip","False"
"Pitney Bowes Tax Calculator","connector","/providers/Microsoft.PowerApps/apis/shared_geotax","False"
"GetAccept","connector","/providers/Microsoft.PowerApps/apis/shared_getaccept","False"
"GetMyInvoices","connector","/providers/Microsoft.PowerApps/apis/shared_getmyinvoices","False"
"GIPHY (Independent Publisher)","connector","/providers/Microsoft.PowerApps/apis/shared_giphyip","False"
"GitHub","connector","/providers/Microsoft.PowerApps/apis/shared_github","False"
"GitHub Gists (Independent Publisher)","connector","/providers/Microsoft.PowerApps/apis/shared_githubgistsip","False"
"GitLab (Independent Publisher)","connector","/providers/Microsoft.PowerApps/apis/shared_gitlabip","False"
"Givebutter (Independent Publisher)","connector","/providers/Microsoft.PowerApps/apis/shared_givebutterip","False"
"GlobalGiving Project (Independent Publisher)","connector","/providers/Microsoft.PowerApps/apis/shared_globalgivingprojectip","False"
"Gmail","connector","/providers/Microsoft.PowerApps/apis/shared_gmail","False"
"GoFileRoom","connector","/providers/Microsoft.PowerApps/apis/shared_gofileroom","False"
"Google BigQuery - Dev (Independent Publisher)","connector","/providers/Microsoft.PowerApps/apis/shared_googlebigqueryip","False"
"Google Books (Independent Publisher)","connector","/providers/Microsoft.PowerApps/apis/shared_googlebooksip","False"
"Google Calendar","connector","/providers/Microsoft.PowerApps/apis/shared_googlecalendar","False"
"Google Cloud Translation (Independent Publisher)","connector","/providers/Microsoft.PowerApps/apis/shared_googlecloudtranslaip","False"
"Google Contacts","connector","/providers/Microsoft.PowerApps/apis/shared_googlecontacts","False"
"Google Drive","connector","/providers/Microsoft.PowerApps/apis/shared_googledrive","False"
"Google Photos (Independent Publisher)","connector","/providers/Microsoft.PowerApps/apis/shared_googlephotosip","False"
"Google Sheets","connector","/providers/Microsoft.PowerApps/apis/shared_googlesheet","False"
"Google Tasks","connector","/providers/Microsoft.PowerApps/apis/shared_googletasks","False"
"GoQR (Independent Publisher)","connector","/providers/Microsoft.PowerApps/apis/shared_goqr","False"
"GoToMeeting","connector","/providers/Microsoft.PowerApps/apis/shared_gotomeeting","False"
"GoToTraining","connector","/providers/Microsoft.PowerApps/apis/shared_gototraining","False"
"GoToWebinar","connector","/providers/Microsoft.PowerApps/apis/shared_gotowebinar","False"
"Gratavid","connector","/providers/Microsoft.PowerApps/apis/shared_gratavid","False"
"Gravity Forms by reenhanced","connector","/providers/Microsoft.PowerApps/apis/shared_gravityformsbyreenhanced","False"
"GroupMgr","connector","/providers/Microsoft.PowerApps/apis/shared_groupmgr","False"
"Harness PDFx","connector","/providers/Microsoft.PowerApps/apis/shared_harnesspdfx","False"
"Harvest","connector","/providers/Microsoft.PowerApps/apis/shared_harvest","False"
"Hashify (Independent Publisher)","connector","/providers/Microsoft.PowerApps/apis/shared_hashifyip","False"
"Have I Been Pwned (Independent Publisher)","connector","/providers/Microsoft.PowerApps/apis/shared_haveibeenpwnedip","False"
"HelloSign","connector","/providers/Microsoft.PowerApps/apis/shared_hellosign","False"
"HipChat","connector","/providers/Microsoft.PowerApps/apis/shared_hipchat","False"
"HitHorizons","connector","/providers/Microsoft.PowerApps/apis/shared_hithorizons","False"
"Holopin","connector","/providers/Microsoft.PowerApps/apis/shared_holopinip","False"
"HotProfile","connector","/providers/Microsoft.PowerApps/apis/shared_hotprofile","False"
"HouseRater QA","connector","/providers/Microsoft.PowerApps/apis/shared_houseraterqa","False"
"HR Cloud","connector","/providers/Microsoft.PowerApps/apis/shared_hrcloud","False"
"HrFlow.ai","connector","/providers/Microsoft.PowerApps/apis/shared_hrflowai","False"
"http garden (Independent Publisher)","connector","/providers/Microsoft.PowerApps/apis/shared_httpgardenip","False"
"HubSpot CMS (Independent Publisher)","connector","/providers/Microsoft.PowerApps/apis/shared_hubspotcms","False"
"HubSpot CRM","connector","/providers/Microsoft.PowerApps/apis/shared_hubspotcrm","False"
"HubSpot Marketing (Independent Publisher)","connector","/providers/Microsoft.PowerApps/apis/shared_hubspotmarketing","False"
"Huddle","connector","/providers/Microsoft.PowerApps/apis/shared_huddle","False"
"Huddle for US Gov & Healthcare","connector","/providers/Microsoft.PowerApps/apis/shared_huddleforusgovhealth","False"
"Huddo Boards","connector","/providers/Microsoft.PowerApps/apis/shared_huddoboards","False"
"Hugging Face (Independent Publisher)","connector","/providers/Microsoft.PowerApps/apis/shared_huggingfaceip","False"
"Hunter (Independent Publisher)","connector","/providers/Microsoft.PowerApps/apis/shared_hunterip","False"
"HYAS Insight","connector","/providers/Microsoft.PowerApps/apis/shared_hyasinsight","False"
"IA-Connect Dynamic Code","connector","/providers/Microsoft.PowerApps/apis/shared_iaconnectdynamiccode","False"
"IA-Connect Java","connector","/providers/Microsoft.PowerApps/apis/shared_iaconnectjava","False"
"IA-Connect JML","connector","/providers/Microsoft.PowerApps/apis/shared_iaconnectjml","False"
"IA-Connect Mainframe","connector","/providers/Microsoft.PowerApps/apis/shared_iaconnectmainframe","False"
"IA-Connect Microsoft Office","connector","/providers/Microsoft.PowerApps/apis/shared_iaconnectmsoffice","False"
"IA-Connect SAP GUI","connector","/providers/Microsoft.PowerApps/apis/shared_iaconnectsapgui","False"
"IA-Connect Session","connector","/providers/Microsoft.PowerApps/apis/shared_iaconnectsession","False"
"IA-Connect UI","connector","/providers/Microsoft.PowerApps/apis/shared_iaconnectui","False"
"IA-Connect Web Browser","connector","/providers/Microsoft.PowerApps/apis/shared_iaconnectwebbrowser","False"
"IBM Watson Assistant (Independent Publisher)","connector","/providers/Microsoft.PowerApps/apis/shared_ibmwatsonassistantip","False"
"IBM Watson Text to Speech (Independent Publisher)","connector","/providers/Microsoft.PowerApps/apis/shared_ibmwatsontexttospeip","False"
"icanhazdadjoke (Independent Publisher)","connector","/providers/Microsoft.PowerApps/apis/shared_icanhazdadjokeip","False"
"Ice and Fire (Game of Thrones) (Independent Publisher)","connector","/providers/Microsoft.PowerApps/apis/shared_iceandfiregotip","False"
"Icon Horse (Independent Publisher)","connector","/providers/Microsoft.PowerApps/apis/shared_iconhorseip","False"
"ID Analyzer","connector","/providers/Microsoft.PowerApps/apis/shared_idanalyzer","False"
"Ideanote","connector","/providers/Microsoft.PowerApps/apis/shared_ideanote","False"
"iManage Work","connector","/providers/Microsoft.PowerApps/apis/shared_imanagework","False"
"iManage Work for Admins","connector","/providers/Microsoft.PowerApps/apis/shared_imanageworkforadmins","False"
"Apache Impala","connector","/providers/Microsoft.PowerApps/apis/shared_impala","False"
"Impexium","connector","/providers/Microsoft.PowerApps/apis/shared_impexium","False"
"Impower","connector","/providers/Microsoft.PowerApps/apis/shared_impower","False"
"Imprezian360-CRM","connector","/providers/Microsoft.PowerApps/apis/shared_imprezian","False"
"IN-D Aadhaar Number Masking","connector","/providers/Microsoft.PowerApps/apis/shared_indaadhaarnm","False"
"IN-D Face Match","connector","/providers/Microsoft.PowerApps/apis/shared_indfacematch","False"
"IN-D Insurance (ICD10 & CPT)","connector","/providers/Microsoft.PowerApps/apis/shared_indinsurance","False"
"IN-D Invoice Data Capture","connector","/providers/Microsoft.PowerApps/apis/shared_indinvoicedatacapture","False"
"IN-D KYC India","connector","/providers/Microsoft.PowerApps/apis/shared_indkycindia","False"
"IN-D Payables","connector","/providers/Microsoft.PowerApps/apis/shared_indpayables","False"
"Industrial App Store","connector","/providers/Microsoft.PowerApps/apis/shared_industrialappstore","False"
"InEight","connector","/providers/Microsoft.PowerApps/apis/shared_ineight","False"
"Influenza and Covid-19 (Independent Publisher)","connector","/providers/Microsoft.PowerApps/apis/shared_influenzandcovid19ip","False"
"Infobip","connector","/providers/Microsoft.PowerApps/apis/shared_infobip","False"
"InfoQuery","connector","/providers/Microsoft.PowerApps/apis/shared_infoquery","False"
"Informix","connector","/providers/Microsoft.PowerApps/apis/shared_informix","False"
"InfoShare","connector","/providers/Microsoft.PowerApps/apis/shared_infoshare","False"
"Infura Ethereum (Independent Publisher)","connector","/providers/Microsoft.PowerApps/apis/shared_infuraethereumip","False"
"Infusionsoft","connector","/providers/Microsoft.PowerApps/apis/shared_infusionsoft","False"
"Inoreader","connector","/providers/Microsoft.PowerApps/apis/shared_inoreader","False"
"inQuba Journey","connector","/providers/Microsoft.PowerApps/apis/shared_inqubajourney","False"
"Insightly","connector","/providers/Microsoft.PowerApps/apis/shared_insightly","False"
"Instapaper","connector","/providers/Microsoft.PowerApps/apis/shared_instapaper","False"
"Integrable PDF","connector","/providers/Microsoft.PowerApps/apis/shared_integrablepdf","False"
"Integration Toolbox","connector","/providers/Microsoft.PowerApps/apis/shared_integrationtoolbox","False"
"intelliHR","connector","/providers/Microsoft.PowerApps/apis/shared_intellihr","False"
"Intercom","connector","/providers/Microsoft.PowerApps/apis/shared_intercom","False"
"iObeya","connector","/providers/Microsoft.PowerApps/apis/shared_iobeya","False"
"Azure IoT Central V2","connector","/providers/Microsoft.PowerApps/apis/shared_iotcentral","False"
"IPQS Fraud and Risk Scoring","connector","/providers/Microsoft.PowerApps/apis/shared_ipqsfraudandriskscor","False"
"IQAir (Independent Publisher)","connector","/providers/Microsoft.PowerApps/apis/shared_iqairip","False"
"ITautomate","connector","/providers/Microsoft.PowerApps/apis/shared_itautomate","False"
"ITGlue (Independent Publisher)","connector","/providers/Microsoft.PowerApps/apis/shared_itglue","False"
"Jedox OData Hub","connector","/providers/Microsoft.PowerApps/apis/shared_jedoxodatahub","False"
"JIRA","connector","/providers/Microsoft.PowerApps/apis/shared_jira","False"
"JIRA Search (Independent Publisher)","connector","/providers/Microsoft.PowerApps/apis/shared_jirasearch","False"
"JotForm","connector","/providers/Microsoft.PowerApps/apis/shared_jotform","False"
"Jotform Enterprise","connector","/providers/Microsoft.PowerApps/apis/shared_jotformenterprise","False"
"Jservice (Independent Publisher)","connector","/providers/Microsoft.PowerApps/apis/shared_jserviceip","False"
"JungleMail 365","connector","/providers/Microsoft.PowerApps/apis/shared_junglemail365","False"
"Jupyrest","connector","/providers/Microsoft.PowerApps/apis/shared_jupyrest","False"
"K2 Workflow","connector","/providers/Microsoft.PowerApps/apis/shared_k2workflow","False"
"Microsoft Kaizala","connector","/providers/Microsoft.PowerApps/apis/shared_kaizala","False"
"Kanbanize","connector","/providers/Microsoft.PowerApps/apis/shared_kanbanize","False"
"Kanban Tool","connector","/providers/Microsoft.PowerApps/apis/shared_kanbantool","False"
"Azure Key Vault","connector","/providers/Microsoft.PowerApps/apis/shared_keyvault","True"
"kintone","connector","/providers/Microsoft.PowerApps/apis/shared_kintone","False"
"KnowledgeLake","connector","/providers/Microsoft.PowerApps/apis/shared_knowledgelake","False"
"Knowledgeone RecFind6","connector","/providers/Microsoft.PowerApps/apis/shared_knowledgeonerecfind6","False"
"Krozu PM (Independent Publisher)","connector","/providers/Microsoft.PowerApps/apis/shared_krozupmip","False"
"Azure Data Explorer","connector","/providers/Microsoft.PowerApps/apis/shared_kusto","True"
"Lang.ai","connector","/providers/Microsoft.PowerApps/apis/shared_langai","False"
"Language - Question Answering","connector","/providers/Microsoft.PowerApps/apis/shared_languagequestionansw","False"
"LanguageTool (Independent Publisher)","connector","/providers/Microsoft.PowerApps/apis/shared_languagetoolip","False"
"Lansweeper App For Sentinel","connector","/providers/Microsoft.PowerApps/apis/shared_lansweeperappforsent","False"
"Lasso X","connector","/providers/Microsoft.PowerApps/apis/shared_lassox","False"
"LatinShare Documents","connector","/providers/Microsoft.PowerApps/apis/shared_latinsharedocuments","False"
"LatinShare SHP Management","connector","/providers/Microsoft.PowerApps/apis/shared_latinshareshpmanagement","False"
"LatinShare SHP Permissions","connector","/providers/Microsoft.PowerApps/apis/shared_latinshareshppermissions","False"
"Launch Library 2 (Independent Publisher)","connector","/providers/Microsoft.PowerApps/apis/shared_launchlibrary2ip","False"
"Lawlift","connector","/providers/Microsoft.PowerApps/apis/shared_lawlift","False"
"LeadDesk","connector","/providers/Microsoft.PowerApps/apis/shared_leaddesk","False"
"Lead Loader","connector","/providers/Microsoft.PowerApps/apis/shared_leadloader","False"
"LeanKit","connector","/providers/Microsoft.PowerApps/apis/shared_leankit","False"
"LegalBot AI Tools","connector","/providers/Microsoft.PowerApps/apis/shared_legalbotaitools","False"
"Lettria GDPR Compliance","connector","/providers/Microsoft.PowerApps/apis/shared_lettriagdprcompliance","False"
"Lexica (Independent Publisher)","connector","/providers/Microsoft.PowerApps/apis/shared_lexicaip","False"
"Library of Congress","connector","/providers/Microsoft.PowerApps/apis/shared_libraryofcongressip","False"
"LibreBor (Independent Publisher)","connector","/providers/Microsoft.PowerApps/apis/shared_libreborip","False"
"LIFX","connector","/providers/Microsoft.PowerApps/apis/shared_lifx","False"
"LinkedIn","connector","/providers/Microsoft.PowerApps/apis/shared_linkedin","False"
"LinkedIn V2","connector","/providers/Microsoft.PowerApps/apis/shared_linkedinv2","False"
"LINK Mobility","connector","/providers/Microsoft.PowerApps/apis/shared_linkmobility","False"
"Lit Ipsum (Independent Publisher)","connector","/providers/Microsoft.PowerApps/apis/shared_litipsumip","False"
"LiveChat","connector","/providers/Microsoft.PowerApps/apis/shared_livechat","False"
"LiveTiles Bots","connector","/providers/Microsoft.PowerApps/apis/shared_livetilesbots","False"
"LMS365","connector","/providers/Microsoft.PowerApps/apis/shared_lms365","False"
"Lnk.Bio","connector","/providers/Microsoft.PowerApps/apis/shared_lnkbio","False"
"Loripsum (Independent Publisher)","connector","/providers/Microsoft.PowerApps/apis/shared_loripsumip","False"
"LUIS","connector","/providers/Microsoft.PowerApps/apis/shared_luis","False"
"Microsoft 365 message center","connector","/providers/Microsoft.PowerApps/apis/shared_m365messagecenter","True"
"Updates App (Microsoft 365)","connector","/providers/Microsoft.PowerApps/apis/shared_m365updatesapp","True"
"MailboxValidator (Independent Publisher)","connector","/providers/Microsoft.PowerApps/apis/shared_mailboxvalidatorip","False"
"MailChimp","connector","/providers/Microsoft.PowerApps/apis/shared_mailchimp","False"
"MailJet (Independent Publisher)","connector","/providers/Microsoft.PowerApps/apis/shared_mailjetip","False"
"MailParser","connector","/providers/Microsoft.PowerApps/apis/shared_mailparser","False"
"Mandrill","connector","/providers/Microsoft.PowerApps/apis/shared_mandrill","False"
"Mapbox (Independent Publisher)","connector","/providers/Microsoft.PowerApps/apis/shared_mapboxip","False"
"Map Pro","connector","/providers/Microsoft.PowerApps/apis/shared_mappro","False"
"Text Analytics","connector","/providers/Microsoft.PowerApps/apis/shared_maqtextanalytics","False"
"Marketing Content Hub","connector","/providers/Microsoft.PowerApps/apis/shared_marketingcontenthub","False"
"Marketo","connector","/providers/Microsoft.PowerApps/apis/shared_marketo","False"
"Mavim-iMprove","connector","/providers/Microsoft.PowerApps/apis/shared_mavimimprove","False"
"MeaningCloud (Independent Publisher)","connector","/providers/Microsoft.PowerApps/apis/shared_meaningcloudip","False"
"Medallia","connector","/providers/Microsoft.PowerApps/apis/shared_medallia","False"
"Medium","connector","/providers/Microsoft.PowerApps/apis/shared_medium","False"
"MeetingRoomMap","connector","/providers/Microsoft.PowerApps/apis/shared_meetingroommap","False"
"Meisterplan","connector","/providers/Microsoft.PowerApps/apis/shared_meisterplan","False"
"Meme (Independent Publisher)","connector","/providers/Microsoft.PowerApps/apis/shared_memeip","False"
"Mensagia","connector","/providers/Microsoft.PowerApps/apis/shared_mensagia","False"
"Mensagia (Independent Publisher)","connector","/providers/Microsoft.PowerApps/apis/shared_mensagiaip","False"
"Metatask","connector","/providers/Microsoft.PowerApps/apis/shared_metatask","False"
"Michael Scott Quotes (Independent Publisher)","connector","/providers/Microsoft.PowerApps/apis/shared_michaelscottquotesip","False"
"Microsoft 365 Apps Health","connector","/providers/Microsoft.PowerApps/apis/shared_microsoft365appshealth","True"
"Microsoft 365 compliance","connector","/providers/Microsoft.PowerApps/apis/shared_microsoft365compliance","True"
"Microsoft Bookings","connector","/providers/Microsoft.PowerApps/apis/shared_microsoftbookings","True"
"Microsoft D365CE v9 OnPrem (Independent Publisher)","connector","/providers/Microsoft.PowerApps/apis/shared_microsoftd365cev9ip","True"
"Power Automate for Admins","connector","/providers/Microsoft.PowerApps/apis/shared_microsoftflowforadmins","True"
"Microsoft Forms","connector","/providers/Microsoft.PowerApps/apis/shared_microsoftforms","True"
"Dynamics 365 Customer Voice","connector","/providers/Microsoft.PowerApps/apis/shared_microsoftformspro","True"
"Microsoft Graph Security","connector","/providers/Microsoft.PowerApps/apis/shared_microsoftgraphsecurity","True"
"Microsoft Learn Catalog (Independent Publisher)","connector","/providers/Microsoft.PowerApps/apis/shared_microsoftlearncataip","True"
"Microsoft School Data Sync","connector","/providers/Microsoft.PowerApps/apis/shared_microsoftschooldatasync","True"
"Microsoft Search","connector","/providers/Microsoft.PowerApps/apis/shared_microsoftsearch","True"
"Spatial Services","connector","/providers/Microsoft.PowerApps/apis/shared_microsoftspatialservices","False"
"Microsoft Translator","connector","/providers/Microsoft.PowerApps/apis/shared_microsofttranslator","True"
"Mintlify (Independent Publisher)","connector","/providers/Microsoft.PowerApps/apis/shared_mintlifyip","False"
"Miro (Independent Publisher)","connector","/providers/Microsoft.PowerApps/apis/shared_miroip","False"
"Mitto","connector","/providers/Microsoft.PowerApps/apis/shared_mitto","False"
"Mobili Stotele","connector","/providers/Microsoft.PowerApps/apis/shared_mobilistotele","False"
"MobilyWS","connector","/providers/Microsoft.PowerApps/apis/shared_mobilyws","False"
"MOBSIM Send SMS","connector","/providers/Microsoft.PowerApps/apis/shared_mobsimsendsms","False"
"Mockaroo (Independent Publisher)","connector","/providers/Microsoft.PowerApps/apis/shared_mockarooip","False"
"ModuleQ","connector","/providers/Microsoft.PowerApps/apis/shared_moduleq","False"
"mondaycom (Independent Publisher)","connector","/providers/Microsoft.PowerApps/apis/shared_mondaycomip","False"
"MongoDB","connector","/providers/Microsoft.PowerApps/apis/shared_mongodb","False"
"Moosend (Independent Publisher)","connector","/providers/Microsoft.PowerApps/apis/shared_moosendip","False"
"Morf","connector","/providers/Microsoft.PowerApps/apis/shared_morf","False"
"MotaWord Translations","connector","/providers/Microsoft.PowerApps/apis/shared_motawordtranslations","False"
"Motimate","connector","/providers/Microsoft.PowerApps/apis/shared_motimate","False"
"MS Graph Groups and Users","connector","/providers/Microsoft.PowerApps/apis/shared_msgraphgroupsanduser","True"
"MSN Weather","connector","/providers/Microsoft.PowerApps/apis/shared_msnweather","False"
"Mtarget SMS","connector","/providers/Microsoft.PowerApps/apis/shared_mtarget","False"
"Muhimbi PDF","connector","/providers/Microsoft.PowerApps/apis/shared_muhimbi","False"
"MURAL","connector","/providers/Microsoft.PowerApps/apis/shared_mural","False"
"My Acclaro","connector","/providers/Microsoft.PowerApps/apis/shared_myacclaro","False"
"AIHW MyHospitals (Independent Publisher)","connector","/providers/Microsoft.PowerApps/apis/shared_myhospitalsbyaihwip","False"
"MySQL","connector","/providers/Microsoft.PowerApps/apis/shared_mysql","False"
"myStrom (Independent Publisher)","connector","/providers/Microsoft.PowerApps/apis/shared_mystromip","False"
"N-able Cloud User Hub","connector","/providers/Microsoft.PowerApps/apis/shared_nableclouduserhub","False"
"Narvar","connector","/providers/Microsoft.PowerApps/apis/shared_narvar","False"
"NASA Image and Video Library (Independent Publisher)","connector","/providers/Microsoft.PowerApps/apis/shared_nasaivlibraryip","False"
"Nationalize_io (Independent Publisher)","connector","/providers/Microsoft.PowerApps/apis/shared_nationalizeioip","False"
"National Park Service (Independent Publisher)","connector","/providers/Microsoft.PowerApps/apis/shared_nationalparkserviceip","False"
"NEOWs (Independent Publisher)","connector","/providers/Microsoft.PowerApps/apis/shared_nearearthobjectwebip","False"
"Nederlandse Spoorwegen (Independent Publisher)","connector","/providers/Microsoft.PowerApps/apis/shared_nederlandsespoorweip","False"
"NetDocuments","connector","/providers/Microsoft.PowerApps/apis/shared_netdocuments","False"
"New York Times (Independent Publisher)","connector","/providers/Microsoft.PowerApps/apis/shared_newyorktimesip","False"
"Nexmo","connector","/providers/Microsoft.PowerApps/apis/shared_nexmo","False"
"Nextcom","connector","/providers/Microsoft.PowerApps/apis/shared_nextcom","False"
"MintNFT (Independent Publisher)","connector","/providers/Microsoft.PowerApps/apis/shared_nftmaniaip","False"
"NHTSA vPIC (Independent Publisher)","connector","/providers/Microsoft.PowerApps/apis/shared_nhtsavpicip","False"
"Nifty Gateway (Independent Publisher)","connector","/providers/Microsoft.PowerApps/apis/shared_niftygatewayip","False"
"NIST NVD (Independent Publisher)","connector","/providers/Microsoft.PowerApps/apis/shared_nistnationalvulnerip","False"
"NIST NVD (Independent Publisher)","connector","/providers/Microsoft.PowerApps/apis/shared_nistnvdip","False"
"Nitro","connector","/providers/Microsoft.PowerApps/apis/shared_nitro","False"
"Nodefusion Portal","connector","/providers/Microsoft.PowerApps/apis/shared_nodefusionportal","False"
"Notiivy Browser Notifications","connector","/providers/Microsoft.PowerApps/apis/shared_notiivybrowsernotif","False"
"Notion (Independent Publisher)","connector","/providers/Microsoft.PowerApps/apis/shared_notionip","False"
"nps.today","connector","/providers/Microsoft.PowerApps/apis/shared_npstoday","False"
"NREL (Independent Publisher)","connector","/providers/Microsoft.PowerApps/apis/shared_nrelip","False"
"nunify","connector","/providers/Microsoft.PowerApps/apis/shared_nunify","False"
"Objective Connect","connector","/providers/Microsoft.PowerApps/apis/shared_objectiveconnect","False"
"Occuspace","connector","/providers/Microsoft.PowerApps/apis/shared_occuspace","False"
"Office 365 Groups","connector","/providers/Microsoft.PowerApps/apis/shared_office365groups","True"
"Office 365 Groups Mail","connector","/providers/Microsoft.PowerApps/apis/shared_office365groupsmail","True"
"Office 365 Video","connector","/providers/Microsoft.PowerApps/apis/shared_office365video","True"
"OK dokument (Independent Publisher)","connector","/providers/Microsoft.PowerApps/apis/shared_okdokumentip","False"
"OMDb (Independent Publisher)","connector","/providers/Microsoft.PowerApps/apis/shared_omdbip","False"
"OneBlink","connector","/providers/Microsoft.PowerApps/apis/shared_oneblink","False"
"Oneflow","connector","/providers/Microsoft.PowerApps/apis/shared_oneflow","False"
"OneNote (Business)","connector","/providers/Microsoft.PowerApps/apis/shared_onenote","True"
"OneNote Consumer (Independent Publisher)","connector","/providers/Microsoft.PowerApps/apis/shared_onenotepersonalip","False"
"One-Time Secret (Independent Publisher)","connector","/providers/Microsoft.PowerApps/apis/shared_onetimesecretip","False"
"Oodrive Sign","connector","/providers/Microsoft.PowerApps/apis/shared_oodrivesign","False"
"OpenAI (Independent Publisher)","connector","/providers/Microsoft.PowerApps/apis/shared_openaiip","False"
"OpenCage Geocoding (Independent Publisher)","connector","/providers/Microsoft.PowerApps/apis/shared_opencagegeocodingip","False"
"Open Charge Map (Independent Publisher)","connector","/providers/Microsoft.PowerApps/apis/shared_openchargemapip","False"
"Open Experience","connector","/providers/Microsoft.PowerApps/apis/shared_openexperience","False"
"openFDA Drug (Independent Publisher)","connector","/providers/Microsoft.PowerApps/apis/shared_openfdadrugip","False"
"OpenLegacy IBM I (AS400)","connector","/providers/Microsoft.PowerApps/apis/shared_openlegacyibmias400","False"
"OpenLegacy IBM Mainframe","connector","/providers/Microsoft.PowerApps/apis/shared_openlegacyibmmainframe","False"
"OpenNEM (Independent Publisher)","connector","/providers/Microsoft.PowerApps/apis/shared_opennemip","False"
"OpenText Core Share by One Fox","connector","/providers/Microsoft.PowerApps/apis/shared_opentextcoreshare","False"
"OpenText Content Server by One Fox","connector","/providers/Microsoft.PowerApps/apis/shared_opentextcsbyonefox","False"
"OpenText eDOCS by One Fox","connector","/providers/Microsoft.PowerApps/apis/shared_opentextedocsbyonefox","False"
"OpenTrivaDatabase (Independent Publisher)","connector","/providers/Microsoft.PowerApps/apis/shared_opentriviadbip","False"
"OptiAPI","connector","/providers/Microsoft.PowerApps/apis/shared_optiapi","False"
"Oracle Database","connector","/providers/Microsoft.PowerApps/apis/shared_oracle","False"
"ORB Intelligence (Independent Publisher)","connector","/providers/Microsoft.PowerApps/apis/shared_orbintelligenceip","False"
"Ordnance Survey Places","connector","/providers/Microsoft.PowerApps/apis/shared_ordnancesurveyplaces","False"
"Originality.AI (Independent Publisher)","connector","/providers/Microsoft.PowerApps/apis/shared_originalityip","False"
"Otto.bot","connector","/providers/Microsoft.PowerApps/apis/shared_ottobot","False"
"Outlook.com","connector","/providers/Microsoft.PowerApps/apis/shared_outlook","False"
"Outlook Tasks","connector","/providers/Microsoft.PowerApps/apis/shared_outlooktasks","False"
"Owlbot (Independent Publisher)","connector","/providers/Microsoft.PowerApps/apis/shared_owlbotip","False"
"PagerDuty","connector","/providers/Microsoft.PowerApps/apis/shared_pagerduty","False"
"Pantry (Independent Publisher)","connector","/providers/Microsoft.PowerApps/apis/shared_pantryip","False"
"Panviva","connector","/providers/Microsoft.PowerApps/apis/shared_panviva","False"
"Parserr","connector","/providers/Microsoft.PowerApps/apis/shared_parserr","False"
"Parseur","connector","/providers/Microsoft.PowerApps/apis/shared_parseur","False"
"Partner Center Events","connector","/providers/Microsoft.PowerApps/apis/shared_partnercenterevents","False"
"Partner Center Referrals","connector","/providers/Microsoft.PowerApps/apis/shared_partnercenterref","False"
"PartnerLinq","connector","/providers/Microsoft.PowerApps/apis/shared_partnerlinq","False"
"Paylocity","connector","/providers/Microsoft.PowerApps/apis/shared_paylocity","False"
"PaySpace (Independent Publisher)","connector","/providers/Microsoft.PowerApps/apis/shared_payspaceip","False"
"PDF4me","connector","/providers/Microsoft.PowerApps/apis/shared_pdf4me","False"
"PDF4me Connect","connector","/providers/Microsoft.PowerApps/apis/shared_pdf4meconnect","False"
"PDF4me SwissQR","connector","/providers/Microsoft.PowerApps/apis/shared_pdf4meswissqr","False"
"PDF Blocks","connector","/providers/Microsoft.PowerApps/apis/shared_pdfblocks","False"
"PDFco","connector","/providers/Microsoft.PowerApps/apis/shared_pdfco","False"
"PDFcross","connector","/providers/Microsoft.PowerApps/apis/shared_pdfcross","False"
"Peltarion AI","connector","/providers/Microsoft.PowerApps/apis/shared_peltarion","False"
"Pexels (Independent Publisher)","connector","/providers/Microsoft.PowerApps/apis/shared_pexelsip","False"
"Philips HUE (Independent Publisher)","connector","/providers/Microsoft.PowerApps/apis/shared_philipshueip","False"
"Pilot Things","connector","/providers/Microsoft.PowerApps/apis/shared_pilotthings","False"
"Pinterest","connector","/providers/Microsoft.PowerApps/apis/shared_pinterest","False"
"Pipedrive","connector","/providers/Microsoft.PowerApps/apis/shared_pipedrive","False"
"PIPware KPIs","connector","/providers/Microsoft.PowerApps/apis/shared_pipwarekpis","False"
"Pitney Bowes Data Validation","connector","/providers/Microsoft.PowerApps/apis/shared_pitneybowes","False"
"Pivotal Tracker","connector","/providers/Microsoft.PowerApps/apis/shared_pivotaltracker","False"
"Pixel Encounter (Independent Publisher)","connector","/providers/Microsoft.PowerApps/apis/shared_pixelencounterip","False"
"PKIsigning","connector","/providers/Microsoft.PowerApps/apis/shared_pkisigning","False"
"Placedog (Independent Publisher)","connector","/providers/Microsoft.PowerApps/apis/shared_placedogip","False"
"Planner","connector","/providers/Microsoft.PowerApps/apis/shared_planner","False"
"Pling","connector","/providers/Microsoft.PowerApps/apis/shared_pling","False"
"Plivo","connector","/providers/Microsoft.PowerApps/apis/shared_plivo","False"
"Plumsail Documents","connector","/providers/Microsoft.PowerApps/apis/shared_plumsail","False"
"Plumsail Forms","connector","/providers/Microsoft.PowerApps/apis/shared_plumsailforms","False"
"Plumsail HelpDesk","connector","/providers/Microsoft.PowerApps/apis/shared_plumsailhelpdesk","False"
"Plumsail SP","connector","/providers/Microsoft.PowerApps/apis/shared_plumsailsp","False"
"Poka","connector","/providers/Microsoft.PowerApps/apis/shared_poka","False"
"Polaris PSA","connector","/providers/Microsoft.PowerApps/apis/shared_polarispsa","False"
"PoliteMail","connector","/providers/Microsoft.PowerApps/apis/shared_politemail","False"
"PostgreSQL","connector","/providers/Microsoft.PowerApps/apis/shared_postgresql","False"
"Postman (Independent Publisher)","connector","/providers/Microsoft.PowerApps/apis/shared_postmanip","False"
"Powell Teams","connector","/providers/Microsoft.PowerApps/apis/shared_powellteams","False"
"Power Apps for Admins","connector","/providers/Microsoft.PowerApps/apis/shared_powerappsforadmins","True"
"Power Apps for Makers","connector","/providers/Microsoft.PowerApps/apis/shared_powerappsforappmakers","True"
"Power Apps Notification","connector","/providers/Microsoft.PowerApps/apis/shared_powerappsnotification","True"
"Power Apps Notification V2","connector","/providers/Microsoft.PowerApps/apis/shared_powerappsnotificationv2","True"
"Power Assist","connector","/providers/Microsoft.PowerApps/apis/shared_powerassist","True"
"Power BI","connector","/providers/Microsoft.PowerApps/apis/shared_powerbi","True"
"Power Form 7","connector","/providers/Microsoft.PowerApps/apis/shared_powerform7","False"
"Power Platform for Admins","connector","/providers/Microsoft.PowerApps/apis/shared_powerplatformforadmins","True"
"Power Textor","connector","/providers/Microsoft.PowerApps/apis/shared_powertextor","False"
"PPM Express","connector","/providers/Microsoft.PowerApps/apis/shared_ppmexpress","False"
"PrexView (Independent Publisher)","connector","/providers/Microsoft.PowerApps/apis/shared_prexviewip","False"
"Priority Matrix","connector","/providers/Microsoft.PowerApps/apis/shared_prioritymatrix","False"
"Priority Matrix HIPAA","connector","/providers/Microsoft.PowerApps/apis/shared_prioritymatrixhipaa","False"
"Process Street","connector","/providers/Microsoft.PowerApps/apis/shared_processstreet","False"
"Progressus Advanced Projects","connector","/providers/Microsoft.PowerApps/apis/shared_progressusadvancedpr","False"
"Project Online","connector","/providers/Microsoft.PowerApps/apis/shared_projectonline","False"
"ProjectPlace","connector","/providers/Microsoft.PowerApps/apis/shared_projectplace","False"
"Project Roadmap","connector","/providers/Microsoft.PowerApps/apis/shared_projectroadmap","False"
"Projectum Present It","connector","/providers/Microsoft.PowerApps/apis/shared_projectum","False"
"Projectwise Share","connector","/providers/Microsoft.PowerApps/apis/shared_projectwiseshare","False"
"ProPublica Campaign Finance (Independent Publisher)","connector","/providers/Microsoft.PowerApps/apis/shared_propublicacampaignip","False"
"ProPublica Congress (Independent Publisher)","connector","/providers/Microsoft.PowerApps/apis/shared_propublicacongressip","False"
"ProPublica Nonprofit Explorer (Independent Publisher)","connector","/providers/Microsoft.PowerApps/apis/shared_propublicanonprofiip","False"
"Public 360","connector","/providers/Microsoft.PowerApps/apis/shared_public360","False"
"PUG Gamified Engagement","connector","/providers/Microsoft.PowerApps/apis/shared_puggamifiedengagement","False"
"Pure Leads","connector","/providers/Microsoft.PowerApps/apis/shared_pureleads","False"
"Pushcut","connector","/providers/Microsoft.PowerApps/apis/shared_pushcut","False"
"Quickbase (Independent Publisher)","connector","/providers/Microsoft.PowerApps/apis/shared_quickbaseip","False"
"QuickChart (Independent Publisher)","connector","/providers/Microsoft.PowerApps/apis/shared_quickchartip","False"
"Rainbird","connector","/providers/Microsoft.PowerApps/apis/shared_rainbird","False"
"RAPID Platform","connector","/providers/Microsoft.PowerApps/apis/shared_rapidplatform","False"
"Rarible (Independent Publisher)","connector","/providers/Microsoft.PowerApps/apis/shared_raribleip","False"
"Reachability (Independent Publisher)","connector","/providers/Microsoft.PowerApps/apis/shared_reachabilityip","False"
"Readwise (Independent Publisher)","connector","/providers/Microsoft.PowerApps/apis/shared_readwiseip","False"
"Rebrandly (Independent Publisher)","connector","/providers/Microsoft.PowerApps/apis/shared_rebrandlyip","False"
"Rebrickable (Independent Publisher)","connector","/providers/Microsoft.PowerApps/apis/shared_rebrickableip","False"
"Recorded Future","connector","/providers/Microsoft.PowerApps/apis/shared_recordedfuture","False"
"Recorded Future Identity","connector","/providers/Microsoft.PowerApps/apis/shared_recordedfutureidenti","False"
"Recorded Future V2","connector","/providers/Microsoft.PowerApps/apis/shared_recordedfuturev2","False"
"Redmine","connector","/providers/Microsoft.PowerApps/apis/shared_redmine","False"
"Refuge Restrooms (Independent Publisher)","connector","/providers/Microsoft.PowerApps/apis/shared_refugerestroomsip","False"
"RegexFlow Regular Expression","connector","/providers/Microsoft.PowerApps/apis/shared_regexflowregularexpr","False"
"RegEx Matching (Independent Publisher)","connector","/providers/Microsoft.PowerApps/apis/shared_regexmatchingip","False"
"RegoLink for Clarity PPM","connector","/providers/Microsoft.PowerApps/apis/shared_regolink","False"
"ReliefWeb (Independent Publisher)","connector","/providers/Microsoft.PowerApps/apis/shared_reliefwebip","False"
"Rencore Code","connector","/providers/Microsoft.PowerApps/apis/shared_rencore","False"
"Rencore Governance","connector","/providers/Microsoft.PowerApps/apis/shared_rencoregovernance","False"
"Replicate (Independent Publisher)","connector","/providers/Microsoft.PowerApps/apis/shared_replicateip","False"
"Replicon","connector","/providers/Microsoft.PowerApps/apis/shared_replicon","False"
"Resco Cloud","connector","/providers/Microsoft.PowerApps/apis/shared_rescocloud","False"
"RescueGroups (Independent Publisher)","connector","/providers/Microsoft.PowerApps/apis/shared_rescuegroupsip","False"
"REST Countries (Independent Publisher)","connector","/providers/Microsoft.PowerApps/apis/shared_restcountriesip","False"
"Revelation helpdesk","connector","/providers/Microsoft.PowerApps/apis/shared_revelationhelpdesk","False"
"ReversingLabs Intelligence","connector","/providers/Microsoft.PowerApps/apis/shared_reversinglabsintelligence","False"
"Revue (Independent Publisher)","connector","/providers/Microsoft.PowerApps/apis/shared_revueip","False"
"Rijksmuseum (Independent Publisher)","connector","/providers/Microsoft.PowerApps/apis/shared_rijksmuseumip","False"
"Rijksoverheid (Independent Publisher)","connector","/providers/Microsoft.PowerApps/apis/shared_rijksoverheidip","False"
"RiskIQ Digital Footprint","connector","/providers/Microsoft.PowerApps/apis/shared_riskiqdigitalfootprint","False"
"RiskIQ","connector","/providers/Microsoft.PowerApps/apis/shared_riskiqintelligence","False"
"RiskIQ Illuminate","connector","/providers/Microsoft.PowerApps/apis/shared_riskiqpassivetotal","False"
"Robohash (Independent Publisher)","connector","/providers/Microsoft.PowerApps/apis/shared_robohaship","False"
"Robolytix","connector","/providers/Microsoft.PowerApps/apis/shared_robolytix","False"
"Robots for Power BI","connector","/providers/Microsoft.PowerApps/apis/shared_robotsforpowerbi","False"
"Ron Swanson Quotes (Independent Publisher)","connector","/providers/Microsoft.PowerApps/apis/shared_ronswansonquotesip","False"
"r/SpaceX (Independent Publisher)","connector","/providers/Microsoft.PowerApps/apis/shared_rspacexip","False"
"RSS","connector","/providers/Microsoft.PowerApps/apis/shared_rss","False"
"iAuditor","connector","/providers/Microsoft.PowerApps/apis/shared_safetyculture","False"
"SAP ERP","connector","/providers/Microsoft.PowerApps/apis/shared_saperp","False"
"SAS Decisioning","connector","/providers/Microsoft.PowerApps/apis/shared_sasdecisioning","False"
"Schiphol Airport (Independent Publisher)","connector","/providers/Microsoft.PowerApps/apis/shared_schipholairportip","False"
"SchoolDigger (Independent Publisher)","connector","/providers/Microsoft.PowerApps/apis/shared_schooldiggerip","False"
"Scrive eSign","connector","/providers/Microsoft.PowerApps/apis/shared_scriveesign","False"
"SECIB","connector","/providers/Microsoft.PowerApps/apis/shared_secib","False"
"ScanCloud","connector","/providers/Microsoft.PowerApps/apis/shared_secplugscan","False"
"Secret Server","connector","/providers/Microsoft.PowerApps/apis/shared_secretserver","False"
"Secure Code Warrior (Independent Publisher)","connector","/providers/Microsoft.PowerApps/apis/shared_securecodewarrior","False"
"DataMotion","connector","/providers/Microsoft.PowerApps/apis/shared_securemessagedelivery","False"
"SeeBotRun - Link","connector","/providers/Microsoft.PowerApps/apis/shared_seebotrunlink","False"
"SeekTable","connector","/providers/Microsoft.PowerApps/apis/shared_seektable","False"
"Seismic","connector","/providers/Microsoft.PowerApps/apis/shared_seismic","False"
"Seismic Configuration","connector","/providers/Microsoft.PowerApps/apis/shared_seismicconfiguration","False"
"Seismic Content Discovery","connector","/providers/Microsoft.PowerApps/apis/shared_seismiccontentdiscov","False"
"Seismic Engagement","connector","/providers/Microsoft.PowerApps/apis/shared_seismicengagement","False"
"Seismic Livedoc","connector","/providers/Microsoft.PowerApps/apis/shared_seismiclivedoc","False"
"SendGrid","connector","/providers/Microsoft.PowerApps/apis/shared_sendgrid","False"
"Mail","connector","/providers/Microsoft.PowerApps/apis/shared_sendmail","False"
"Sendmode","connector","/providers/Microsoft.PowerApps/apis/shared_sendmode","False"
"Serverless360 BAM & Tracking","connector","/providers/Microsoft.PowerApps/apis/shared_serverless360","False"
"ServiceNow","connector","/providers/Microsoft.PowerApps/apis/shared_service-now","False"
"Service Bus","connector","/providers/Microsoft.PowerApps/apis/shared_servicebus","False"
"Service Objects","connector","/providers/Microsoft.PowerApps/apis/shared_serviceobjects","False"
"SerwerSMS","connector","/providers/Microsoft.PowerApps/apis/shared_serwersms","False"
"Sessionize (Independent Publisher)","connector","/providers/Microsoft.PowerApps/apis/shared_sessionizeip","False"
"SFTP","connector","/providers/Microsoft.PowerApps/apis/shared_sftp","False"
"SFTP - SSH","connector","/providers/Microsoft.PowerApps/apis/shared_sftpwithssh","False"
"Shadify (Independent Publisher)","connector","/providers/Microsoft.PowerApps/apis/shared_shadifyip","False"
"Share-Effect","connector","/providers/Microsoft.PowerApps/apis/shared_shareeffect","False"
"Shields.io (Independent Publisher)","connector","/providers/Microsoft.PowerApps/apis/shared_shieldsioip","False"
"Shifts for Microsoft Teams","connector","/providers/Microsoft.PowerApps/apis/shared_shifts","True"
"ShipStation IP (Independent Publisher)","connector","/providers/Microsoft.PowerApps/apis/shared_shipstationip","False"
"Short URL","connector","/providers/Microsoft.PowerApps/apis/shared_shorturl","False"
"ShortySMS (Independent Publisher)","connector","/providers/Microsoft.PowerApps/apis/shared_shortysmsip","False"
"Showcase Workshop","connector","/providers/Microsoft.PowerApps/apis/shared_showcaseworkshop","False"
"SHRTCODE (Independent Publisher)","connector","/providers/Microsoft.PowerApps/apis/shared_shrtcodeip","False"
"Sigma Conso CR","connector","/providers/Microsoft.PowerApps/apis/shared_sigmaconsocr","False"
"SigningHub","connector","/providers/Microsoft.PowerApps/apis/shared_signinghub","False"
"Derdack SIGNL4","connector","/providers/Microsoft.PowerApps/apis/shared_signl4","False"
"SignNow","connector","/providers/Microsoft.PowerApps/apis/shared_signnow","False"
"SignRequest","connector","/providers/Microsoft.PowerApps/apis/shared_signrequest","False"
"SignUpGenius (Independent Publisher)","connector","/providers/Microsoft.PowerApps/apis/shared_signupgeniusip","False"
"Skype for Business Online","connector","/providers/Microsoft.PowerApps/apis/shared_skypeforbiz","True"
"SkyPoint Cloud","connector","/providers/Microsoft.PowerApps/apis/shared_skypointcloud","False"
"Slack","connector","/providers/Microsoft.PowerApps/apis/shared_slack","False"
"Slascone","connector","/providers/Microsoft.PowerApps/apis/shared_slascone","False"
"Smarp","connector","/providers/Microsoft.PowerApps/apis/shared_smarp","False"
"SmartCOMM Doc-Gen ap10-sb","connector","/providers/Microsoft.PowerApps/apis/shared_smartcommondemanddoc","False"
"SmartDialog","connector","/providers/Microsoft.PowerApps/apis/shared_smartdialog","False"
"Smartsheet","connector","/providers/Microsoft.PowerApps/apis/shared_smartsheet","False"
"sms77io","connector","/providers/Microsoft.PowerApps/apis/shared_sms77io","False"
"SMSAPI","connector","/providers/Microsoft.PowerApps/apis/shared_smsapi","False"
"SMSLink","connector","/providers/Microsoft.PowerApps/apis/shared_smslink","False"
"SMS Wireless Services (Independent Publisher)","connector","/providers/Microsoft.PowerApps/apis/shared_smswirelessserviceip","False"
"SMTP","connector","/providers/Microsoft.PowerApps/apis/shared_smtp","False"
"Snowflake (Independent Publisher)","connector","/providers/Microsoft.PowerApps/apis/shared_snowflakeip","False"
"Sociabble","connector","/providers/Microsoft.PowerApps/apis/shared_sociabble","False"
"Soft1","connector","/providers/Microsoft.PowerApps/apis/shared_soft1","False"
"Softools","connector","/providers/Microsoft.PowerApps/apis/shared_softools","False"
"SOS Inventory (Independent Publisher)","connector","/providers/Microsoft.PowerApps/apis/shared_sosinventoryip","False"
"SparkPost","connector","/providers/Microsoft.PowerApps/apis/shared_sparkpost","False"
"Spinpanel","connector","/providers/Microsoft.PowerApps/apis/shared_spinpanel","False"
"Spoonacular Food (Independent Publisher)","connector","/providers/Microsoft.PowerApps/apis/shared_spoonacularfoodip","False"
"Spoonacular Meal Planner (Independent Publisher)","connector","/providers/Microsoft.PowerApps/apis/shared_spoonacularmealplaip","False"
"Spoonacular Recipe (Independent Publisher)","connector","/providers/Microsoft.PowerApps/apis/shared_spoonacularrecipeip","False"
"Spotify (Independent Publisher)","connector","/providers/Microsoft.PowerApps/apis/shared_spotifyip","False"
"Spring Global","connector","/providers/Microsoft.PowerApps/apis/shared_springglobal","False"
"Azure SQL Data Warehouse","connector","/providers/Microsoft.PowerApps/apis/shared_sqldw","True"
"Square Business (Independent Publisher)","connector","/providers/Microsoft.PowerApps/apis/shared_squarebusinessip","False"
"Square Payments (Independent Publisher)","connector","/providers/Microsoft.PowerApps/apis/shared_squarepaymentsip","False"
"Staffbase","connector","/providers/Microsoft.PowerApps/apis/shared_staffbase","False"
"StaffCircle","connector","/providers/Microsoft.PowerApps/apis/shared_staffcircle","False"
"Microsoft StaffHub","connector","/providers/Microsoft.PowerApps/apis/shared_staffhub","True"
"Star Wars (Independent Publisher)","connector","/providers/Microsoft.PowerApps/apis/shared_starwarsip","False"
"Stormboard","connector","/providers/Microsoft.PowerApps/apis/shared_stormboard","False"
"Storm Glass (Independent Publisher)","connector","/providers/Microsoft.PowerApps/apis/shared_stormglassip","False"
"Strava (Independent Publisher)","connector","/providers/Microsoft.PowerApps/apis/shared_stravaip","False"
"Stripe","connector","/providers/Microsoft.PowerApps/apis/shared_stripe","False"
"Studio Ghibli (Independent Publisher)","connector","/providers/Microsoft.PowerApps/apis/shared_studioghibliip","False"
"Survey123","connector","/providers/Microsoft.PowerApps/apis/shared_survey123","False"
"SurveyMonkey","connector","/providers/Microsoft.PowerApps/apis/shared_surveymonkey","False"
"Swagger Converter (Independent Publisher)","connector","/providers/Microsoft.PowerApps/apis/shared_swaggerconverterip","False"
"Synthesia (Independent Publisher)","connector","/providers/Microsoft.PowerApps/apis/shared_synthesiaip","False"
"TAGGUN Receipt OCR Scanning (Independent Publisher)","connector","/providers/Microsoft.PowerApps/apis/shared_taggunreceiptocrscip","False"
"Tago","connector","/providers/Microsoft.PowerApps/apis/shared_tago","False"
"Talkdesk","connector","/providers/Microsoft.PowerApps/apis/shared_talkdesk","False"
"Tallyfy","connector","/providers/Microsoft.PowerApps/apis/shared_tallyfy","False"
"TALXIS Data Feed","connector","/providers/Microsoft.PowerApps/apis/shared_talxisdatafeed","False"
"Taqnyat","connector","/providers/Microsoft.PowerApps/apis/shared_taqnyat","False"
"TDox","connector","/providers/Microsoft.PowerApps/apis/shared_tdox","False"
"Team Forms","connector","/providers/Microsoft.PowerApps/apis/shared_teamforms","False"
"Microsoft Teams","connector","/providers/Microsoft.PowerApps/apis/shared_teams","True"
"Teams-Spirit","connector","/providers/Microsoft.PowerApps/apis/shared_teamsspirit","False"
"Teamwork Projects","connector","/providers/Microsoft.PowerApps/apis/shared_teamwork","False"
"tegolySIGN","connector","/providers/Microsoft.PowerApps/apis/shared_tegolysign","False"
"Telegram Bot (Independent Publisher)","connector","/providers/Microsoft.PowerApps/apis/shared_telegrambotip","False"
"Telephony Xtended Serv Interf","connector","/providers/Microsoft.PowerApps/apis/shared_telephonyxtendedsrv","False"
"TeleSign SMS","connector","/providers/Microsoft.PowerApps/apis/shared_telesignsms","False"
"Teradata","connector","/providers/Microsoft.PowerApps/apis/shared_teradata","False"
"Tesseron ASM Basic Data","connector","/providers/Microsoft.PowerApps/apis/shared_tesseronasmbasicdata","False"
"Tesseron ASM Ticket","connector","/providers/Microsoft.PowerApps/apis/shared_tesseronasmticket","False"
"Text Request","connector","/providers/Microsoft.PowerApps/apis/shared_textrequest","False"
"The Br?nn?ysund Registries (Independent Publisher)","connector","/providers/Microsoft.PowerApps/apis/shared_thebronnoysundregistries","False"
"The Color (Independent Publisher)","connector","/providers/Microsoft.PowerApps/apis/shared_thecolorip","False"
"TheGoodAPI (Independent Publisher)","connector","/providers/Microsoft.PowerApps/apis/shared_thegoodapiip","False"
"The Lord of the Rings (Independent Publisher)","connector","/providers/Microsoft.PowerApps/apis/shared_thelordoftheringsip","False"
"TheMealDB (Independent Publisher)","connector","/providers/Microsoft.PowerApps/apis/shared_themealdbip","False"
"The SMS Works (Independent Publisher)","connector","/providers/Microsoft.PowerApps/apis/shared_thesmsworksip","False"
"The Weather Channel (Independent Publisher)","connector","/providers/Microsoft.PowerApps/apis/shared_theweatherchannelip","False"
"Ticketing.events","connector","/providers/Microsoft.PowerApps/apis/shared_ticketingevents","False"
"Tikit","connector","/providers/Microsoft.PowerApps/apis/shared_tikit","False"
"Tilkee","connector","/providers/Microsoft.PowerApps/apis/shared_tilkee","False"
"timeghost","connector","/providers/Microsoft.PowerApps/apis/shared_timeghost","False"
"Today in History (Independent Publisher)","connector","/providers/Microsoft.PowerApps/apis/shared_todayinhistoryip","False"
"Microsoft To-Do (Business)","connector","/providers/Microsoft.PowerApps/apis/shared_todo","True"
"Todoist","connector","/providers/Microsoft.PowerApps/apis/shared_todoist","False"
"Toggl Plan (Independent Publisher)","connector","/providers/Microsoft.PowerApps/apis/shared_togglplanip","False"
"Toodledo","connector","/providers/Microsoft.PowerApps/apis/shared_toodledo","False"
"TPC Portal","connector","/providers/Microsoft.PowerApps/apis/shared_tpcportal","False"
"Traction Guest","connector","/providers/Microsoft.PowerApps/apis/shared_tractionguest","False"
"Transform2All","connector","/providers/Microsoft.PowerApps/apis/shared_transform2all","False"
"Microsoft Translator V2","connector","/providers/Microsoft.PowerApps/apis/shared_translatorv2","True"
"Tree-Nation (Independent Publisher)","connector","/providers/Microsoft.PowerApps/apis/shared_treenationip","False"
"Trello","connector","/providers/Microsoft.PowerApps/apis/shared_trello","False"
"Tribal","connector","/providers/Microsoft.PowerApps/apis/shared_tribal","False"
"TRIGGERcmd","connector","/providers/Microsoft.PowerApps/apis/shared_triggercmd","False"
"TrueDialog SMS","connector","/providers/Microsoft.PowerApps/apis/shared_truedialogsms","False"
"Trustual","connector","/providers/Microsoft.PowerApps/apis/shared_trustual","False"
"QuickBooks Time (Independent Publisher)","connector","/providers/Microsoft.PowerApps/apis/shared_tsheetsquickbooksip","False"
"Tulip","connector","/providers/Microsoft.PowerApps/apis/shared_tulip","False"
"Tumblr (Independent Publisher)","connector","/providers/Microsoft.PowerApps/apis/shared_tumblrip","False"
"TuxMailer","connector","/providers/Microsoft.PowerApps/apis/shared_tuxmailer","False"
"Twilio","connector","/providers/Microsoft.PowerApps/apis/shared_twilio","False"
"Twitter","connector","/providers/Microsoft.PowerApps/apis/shared_twitter","False"
"TxtSync","connector","/providers/Microsoft.PowerApps/apis/shared_txtsync","False"
"tyntec 2FA","connector","/providers/Microsoft.PowerApps/apis/shared_tyntec2fa","False"
"tyntec Phone Verification","connector","/providers/Microsoft.PowerApps/apis/shared_tyntecportabilitycheck","False"
"tyntec SMS Business","connector","/providers/Microsoft.PowerApps/apis/shared_tyntecsms","False"
"tyntec Viber Business","connector","/providers/Microsoft.PowerApps/apis/shared_tyntecviber","False"
"tyntec WhatsApp Business","connector","/providers/Microsoft.PowerApps/apis/shared_tyntecwa","False"
"Typeform","connector","/providers/Microsoft.PowerApps/apis/shared_typeform","False"
"Uber Freight","connector","/providers/Microsoft.PowerApps/apis/shared_uberfreight","False"
"Ubiqod by Skiply","connector","/providers/Microsoft.PowerApps/apis/shared_ubiqodbyskiply","False"
"Udemy (Independent Publisher)","connector","/providers/Microsoft.PowerApps/apis/shared_udemyip","False"
"Desktop flows","connector","/providers/Microsoft.PowerApps/apis/shared_uiflow","True"
"UiPath Orchestrator","connector","/providers/Microsoft.PowerApps/apis/shared_uipathorchestrator","False"
"UK Bank Holidays (Independent Publisher)","connector","/providers/Microsoft.PowerApps/apis/shared_ukbankholidays","False"
"UK Check VAT (Independent Publisher)","connector","/providers/Microsoft.PowerApps/apis/shared_ukgovtcheckvatip","False"
"Unix Timestamp (Independent Publisher)","connector","/providers/Microsoft.PowerApps/apis/shared_unixtimestampip","False"
"Unofficial Netflix Search (Independent Publisher)","connector","/providers/Microsoft.PowerApps/apis/shared_unofficialnetflixsip","False"
"Unsplash (Independent Publisher)","connector","/providers/Microsoft.PowerApps/apis/shared_unsplaship","False"
"UrLBae (Independent Publisher)","connector","/providers/Microsoft.PowerApps/apis/shared_urlbaeip","False"
"USB4SAP","connector","/providers/Microsoft.PowerApps/apis/shared_usb4sap","False"
"UserVoice","connector","/providers/Microsoft.PowerApps/apis/shared_uservoice","False"
"USGS Earthquake Hazards (Independent Publisher)","connector","/providers/Microsoft.PowerApps/apis/shared_usgsearthquakehazaip","False"
"Vantage 365 Imaging","connector","/providers/Microsoft.PowerApps/apis/shared_vantage365imaging","False"
"Varuna","connector","/providers/Microsoft.PowerApps/apis/shared_varuna","False"
"Vena Solutions","connector","/providers/Microsoft.PowerApps/apis/shared_vena","False"
"Ventipix Asset and Inventory","connector","/providers/Microsoft.PowerApps/apis/shared_ventipixassetandinventory","False"
"Verified","connector","/providers/Microsoft.PowerApps/apis/shared_verified","False"
"Veteran Confirmation (Independent Publisher)","connector","/providers/Microsoft.PowerApps/apis/shared_veteransaffairsip","False"
"Viafirma","connector","/providers/Microsoft.PowerApps/apis/shared_viafirma","False"
"Video Indexer (V2)","connector","/providers/Microsoft.PowerApps/apis/shared_videoindexer-v2","False"
"VIES (Independent Publisher)","connector","/providers/Microsoft.PowerApps/apis/shared_viesip","False"
"Vimeo","connector","/providers/Microsoft.PowerApps/apis/shared_vimeo","False"
"Vineforce","connector","/providers/Microsoft.PowerApps/apis/shared_vineforce","False"
"Virus Total","connector","/providers/Microsoft.PowerApps/apis/shared_virustotal","False"
"Azure DevOps","connector","/providers/Microsoft.PowerApps/apis/shared_visualstudioteamservices","True"
"Vocean","connector","/providers/Microsoft.PowerApps/apis/shared_vocean","False"
"Vonage","connector","/providers/Microsoft.PowerApps/apis/shared_vonage","False"
"Waaila","connector","/providers/Microsoft.PowerApps/apis/shared_waaila","False"
"Way We Do","connector","/providers/Microsoft.PowerApps/apis/shared_waywedo","False"
"Microsoft Defender ATP","connector","/providers/Microsoft.PowerApps/apis/shared_wdatp","False"
"Weather Forecast (Independent Publisher)","connector","/providers/Microsoft.PowerApps/apis/shared_weatherforecastip","False"
"HTTP with Azure AD","connector","/providers/Microsoft.PowerApps/apis/shared_webcontents","True"
"Webex","connector","/providers/Microsoft.PowerApps/apis/shared_webex","False"
"Formstack Documents","connector","/providers/Microsoft.PowerApps/apis/shared_webmerge","False"
"WenDocs Linker","connector","/providers/Microsoft.PowerApps/apis/shared_wendocslinker","False"
"What3Words (Independent Publisher)","connector","/providers/Microsoft.PowerApps/apis/shared_what3wordsip","False"
"WhatsApp (Independent Publisher)","connector","/providers/Microsoft.PowerApps/apis/shared_whatsappip","False"
"WithoutWire Inventory Platform","connector","/providers/Microsoft.PowerApps/apis/shared_withoutwireinventory","False"
"Witivio","connector","/providers/Microsoft.PowerApps/apis/shared_witivio","False"
"WooCommerce","connector","/providers/Microsoft.PowerApps/apis/shared_woocommerce","False"
"Word Cloud by Textvis (Independent Publisher)","connector","/providers/Microsoft.PowerApps/apis/shared_wordcloudbytextvisip","False"
"Word Online (Business)","connector","/providers/Microsoft.PowerApps/apis/shared_wordonlinebusiness","True"
"WordPress","connector","/providers/Microsoft.PowerApps/apis/shared_wordpress","False"
"Workable (Independent Publisher)","connector","/providers/Microsoft.PowerApps/apis/shared_workableip","False"
"Workday HCM","connector","/providers/Microsoft.PowerApps/apis/shared_workdayhcm","False"
"Working days (Independent Publisher)","connector","/providers/Microsoft.PowerApps/apis/shared_workingdaysip","False"
"WorkPoint","connector","/providers/Microsoft.PowerApps/apis/shared_workpoint","False"
"WorkSpan","connector","/providers/Microsoft.PowerApps/apis/shared_workspan","False"
"WorldTime (Independent Publisher)","connector","/providers/Microsoft.PowerApps/apis/shared_worldtimeip","False"
"Writesonic (Independent Publisher)","connector","/providers/Microsoft.PowerApps/apis/shared_writesonicip","False"
"Xbridger Document Manager","connector","/providers/Microsoft.PowerApps/apis/shared_xbridgerdocumentmanager","False"
"xkcd (Independent Publisher)","connector","/providers/Microsoft.PowerApps/apis/shared_xkcdip","False"
"Xooa Blockchain Database","connector","/providers/Microsoft.PowerApps/apis/shared_xooablockchain","False"
"Xooa Blockchain Smart Contract","connector","/providers/Microsoft.PowerApps/apis/shared_xooadb","False"
"Xpertdoc","connector","/providers/Microsoft.PowerApps/apis/shared_xpertdoc","False"
"XSOAR (Independent Publisher)","connector","/providers/Microsoft.PowerApps/apis/shared_xsoarip","False"
"YakChat","connector","/providers/Microsoft.PowerApps/apis/shared_yakchat","False"
"Yammer","connector","/providers/Microsoft.PowerApps/apis/shared_yammer","True"
"Yarado","connector","/providers/Microsoft.PowerApps/apis/shared_yarado","False"
"Yeeflow","connector","/providers/Microsoft.PowerApps/apis/shared_yeeflow","False"
"Yeelight","connector","/providers/Microsoft.PowerApps/apis/shared_yeelight","False"
"Yelp (Independent Publisher)","connector","/providers/Microsoft.PowerApps/apis/shared_yelpip","False"
"You Need A Budget (Independent Publisher)","connector","/providers/Microsoft.PowerApps/apis/shared_youneedabudgetip","False"
"YouTube","connector","/providers/Microsoft.PowerApps/apis/shared_youtube","False"
"Zahara","connector","/providers/Microsoft.PowerApps/apis/shared_zahara","False"
"Zanran Scaffolder","connector","/providers/Microsoft.PowerApps/apis/shared_zanranscaffolder","False"
"Zendesk","connector","/providers/Microsoft.PowerApps/apis/shared_zendesk","False"
"Zenkraft","connector","/providers/Microsoft.PowerApps/apis/shared_zenkraft","False"
"Zenler (Independent Publisher)","connector","/providers/Microsoft.PowerApps/apis/shared_zenlerip","False"
"Zoho ZeptoMail","connector","/providers/Microsoft.PowerApps/apis/shared_zeptomail","False"
"Zippopotamus (Independent Publisher)","connector","/providers/Microsoft.PowerApps/apis/shared_zippopotamusip","False"
"ZIPPYDOC","connector","/providers/Microsoft.PowerApps/apis/shared_zippydoc","False"
"Zoho Sign","connector","/providers/Microsoft.PowerApps/apis/shared_zohosign","False"
"Zoom Meetings (Independent Publisher)","connector","/providers/Microsoft.PowerApps/apis/shared_zoommeetingsip","False"
"zReports","connector","/providers/Microsoft.PowerApps/apis/shared_zreports","False"
"Zuva DocAI","connector","/providers/Microsoft.PowerApps/apis/shared_zuvadocai","False"
"Zvanu Parvaldnieks","connector","/providers/Microsoft.PowerApps/apis/shared_zvanuparvaldnieks","False"
"HTTP","connector","Http","False"
"When a HTTP request is received","connector","HttpRequestReceived","False"
"HTTP Webhook","connector","HttpWebhook","False"
"Dynamics 365 Marketing","connector","/providers/Microsoft.PowerApps/apis/shared_dynamics365marketing","True"
"Dynamics 365 Marketing V2","connector","/providers/Microsoft.PowerApps/apis/shared_d365marketingforapps","True"
"Skills with Power Virtual Agents (preview)","connector","PvaSkills","False"
"Chat without Azure AD authentication in Power Virtual Agents (preview)","connector","PvaAuth","True"
"Microsoft Teams channel in Power Virtual Agents (preview)","connector","PvaMicrosoftTeams","True"
"Direct Line channels in Power Virtual Agents (preview)","connector","PvaCustomDemoMobile","True"
"Facebook channel in Power Virtual Agents (preview)","connector","PvaFacebook","True"
"Omnichannel in Power Virtual Agents (preview)","connector","PvaOmniChannel","True"
